id,entry_type,bibkey,options,shorthand,date_year,pubstate,title_latex,title_unicode,booktitle_latex,booktitle_unicode,crossref,journal_key,volume,number,pages,start_page,eid,series_key,address,institution_key,school_key,publisher_key,type_field,edition,note_latex,note_unicode,issuetitle_latex,issuetitle_unicode,extra_note_latex,extra_note_unicode,urn,eprint,doi,url,langid,is_translation,epoch,license,author_keys,editor_keys,guesteditor_keys,keyword_keys
25084,incollection,byas-christmas:2021,,,2021,,Methodological Anarchism,Methodological Anarchism,,,,,,,53--75,53,,,,,,,,,,,,,,,,,,,english,false,,,byas;christmas_b,,,1:method;2:scientific_method
25085,book,bybee-fleischman:1995,,,1995,,Modality in Grammar and Discourse,Modality in Grammar and Discourse,Modality in Grammar and Discourse,Modality in Grammar and Discourse,,,,32,,,,typological_studies_in_language,Amsterdam,,,john-benjamins-publishing-co,,,,,,,,,,,,,english,false,,,,bybee;fleischman_s,,1:modality;2:modals
25086,incollection,bybee:2007,,,2007,,Diachronic Linguistics,Diachronic Linguistics,,,,,,,945--987,945,,,,,,,,,,,,,,,,,,,english,false,,,bybee,,,1:linguistics;2:history_of_linguistics
25087,article,bychkov:1996,,,1996,,The Reflection of Some Traditional Stoic Ideas in the Thirteenth-Century Scholastic Theories of Beauty,The Reflection of Some Traditional Stoic Ideas in the Thirteenth-Century Scholastic Theories of Beauty,,,,vivarium,34,2,141--160,141,,,,,,,,,,,,,,,,,,,english,false,,,bychkov,,,2:aesthetic_value;3:beauty
25088,article,bycroft:2012,,,2012,,Review of \citet{wray_kb:2011},Review of Wray (2011),,,,studies-in-history-and-philosophy-of-science,43,3,425--429,425,,,,,,,,,,,,,,,,,,,english,false,,,bycroft,,,1:science;2:sociology_of_science
25089,incollection,byden-ierodiakonou:2012,,,2012,,Greek Philosophy,Greek Philosophy,,,,,,,29--57,29,,,,,,,,,,,,,,,,,,,english,false,,,byden;ierodiakonou,,,1:history_of_philosophy
25090,incollection,byden:2002,,,2002,,``To Every Argument There is a Counterargument'': Theodore Metochites' Defence of Scepticism (\emph{Semeiosis} 61),“To Every Argument There is a Counterargument”: Theodore Metochites' Defence of Scepticism (Semeiosis 61),,,,,,,183--217,183,,,,,,,,,,,,,,,,,,,english,false,,,byden,,,1:skepticism;2:ancient_skepticism
25091,book,bydlinski:2012,,,2012,,"Grundz{\""u}ge der juristischen Methodenlehre",Grundzüge der juristischen Methodenlehre,,,,,,,,,,,Wien,,,facultas-verlags-und-buchhandels-ag,,,,,,,,,,,,,ngerman,false,,,bydlinski,,,1:law;2:legal_reasoning
25092,incollection,byerly_hc:1974,,,1974,,Realist Foundations of Measurement,Realist Foundations of Measurement,,,,,,,375--384,375,,,,,,,,,,,,,,,,,,,english,false,,,byerly_hc,,,1:properties;2:quantities
25093,incollection,byerly_hc:1986,,,1986,,Fitness as a Function,Fitness as a Function,,,,,,,494--501,494,,,,,,,,,,,,,,,,,,,english,false,,,byerly_hc,,,1:biology;2:evolution;3:fitness
25094,incollection,byerly_hc:1990,,,1990,,Causes and Laws: The Asymmetry Puzzle,Causes and Laws: The Asymmetry Puzzle,,,,,,,545--555,545,,,,,,,,,,,,,,,,,,,english,false,,,byerly_hc,,,1:causation
25095,article,byerly_tr-byerly:2016,,,2016,,The Special Value of Others-Centeredness,The Special Value of Others-Centeredness,,,,res-philosophica,93,1,63--78,63,,,,,,,,,,,,,,,,,,,english,false,,,byerly_tr;byerly_m,,,1:ethics;3:altruism
25096,article,byerly_tr-martin:2015,,,2015,,Problems for Explanationism on Both Sides,Problems for Explanationism on Both Sides,,,,erkenntnis,80,4,773--791,773,,,,,,,,,,,,,,,,,,,english,false,,,byerly_tr;martin_kr,,,1:explanation
25097,book,byerly_tr-silverman:2017,,,2017,,Paradise Understood: New Philosophical Essays about Heaven,Paradise Understood: New Philosophical Essays about Heaven,Paradise Understood: New Philosophical Essays about Heaven,Paradise Understood: New Philosophical Essays about Heaven,,,,,,,,,Oxford,,,oxford-university-press,,,,,,,,,,,,,english,false,,,,byerly_tr;silverman_ej,,1:religion;2:heaven_and_hell
25098,incollection,byerly_tr-silverman:2017a,,,2017,,Introduction,Introduction,,,,,,,1--10,1,,,,,,,,,,,,,,,,,,,english,false,,,byerly_tr;silverman_ej,,,1:religion;2:heaven_and_hell
25099,article,byerly_tr:2010,,,2010,,The Ontomystical Argument Revisited,The Ontomystical Argument Revisited,,,,international-journal-for-philosophy-of-religion,67,2,95--105,95,,,,,,,,,,,,,,,,,,,english,false,,,byerly_tr,,,1:religion;2:arguments_for_the_existence_of_god;3:ontological_argument
25100,article,byerly_tr:2012,,,2012,,It Seems Like There Aren't Any Seemings,It Seems Like There Aren't Any Seemings,,,,philosophia,40,4,771--782,771,,,,,,,,,,,,,,,,,,,english,false,,,byerly_tr,,,1:perception;2:appearances
25101,article,byerly_tr:2012a,,,2012,,Faith as an Epistemic Disposition,Faith as an Epistemic Disposition,,,,european-journal-for-philosophy-of-religion,4,1,109--128,109,,,,,,,,,,,,,,,,,,,english,false,,,byerly_tr,,,1:religion;2:faith
25102,article,byerly_tr:2012b,,,2012,,"Infallible Divine Foreknowledge Cannot Uniquely Threaten Human Freedom, But Its Mechanics Might","Infallible Divine Foreknowledge Cannot Uniquely Threaten Human Freedom, But Its Mechanics Might",,,,european-journal-for-philosophy-of-religion,4,4,73--93,73,,,,,,,,,,,,,,,,,,,english,false,,,byerly_tr,,,1:religion;2:theological_determinism;3:divine_foreknowledge
25103,article,byerly_tr:2013,,,2013,,Explanationism and Justified Beliefs about the Future,Explanationism and Justified Beliefs about the Future,,,,erkenntnis,78,1,229--243,229,,,,,,,,,,,,,,,,,,,english,false,,,byerly_tr,,,1:explanation
25104,book,byerly_tr:2014,,,2014,,The Mechanics of Divine Foreknowledge and Providence: A Time-Ordering Account,The Mechanics of Divine Foreknowledge and Providence: A Time-Ordering Account,,,,,,,,,,,London,,,bloomsbury-academic,,,,,,,,,,,,,english,false,,,byerly_tr,,,1:religion;2:theological_determinism;3:divine_foreknowledge
25105,article,byerly_tr:2014a,,,2014,,The Values and Varieties of Humility,The Values and Varieties of Humility,,,,philosophia,42,4,889--910,889,,,,,,,,,,,,,,,,,,,english,false,,,byerly_tr,,,1:epistemology;2:epistemic_virtues;3:epistemic_humility
25106,article,byerly_tr:2014b,,,2014,,"Foreknowledge, Accidental Necessity, and Uncausability","Foreknowledge, Accidental Necessity, and Uncausability",,,,international-journal-for-philosophy-of-religion,75,2,137--154,137,,,,,,,,,,,,,,,,,,,english,false,,,byerly_tr,,,1:religion;2:theological_determinism;3:divine_foreknowledge
25107,incollection,byerly_tr:2014c,,,2014,,God Knows the Future by Ordering the Times,God Knows the Future by Ordering the Times,,,,,,,22--48,22,,,,,,,,,,,,,,,,,,,english,false,,,byerly_tr,,,1:time;2:ontology_of_time
25108,article,byerly_tr:2015,,,2015,,Do God's Beliefs Depend on the Future? On the Importance of the Mechanics of Divine Foreknowledge,Do God's Beliefs Depend on the Future? On the Importance of the Mechanics of Divine Foreknowledge,,,,the-journal-of-analytic-theology,3,,124--129,124,,,,,,,,,,,,,,,,,,,english,false,,,byerly_tr,,,1:religion;2:theological_determinism;3:divine_foreknowledge
25109,incollection,byerly_tr:2017,,,2017,,"The All-Powerful, Perfectly Good, and Free God","The All-Powerful, Perfectly Good, and Free God",,,,,,,16--46,16,,,,,,,,,,,,,,,,,,,english,false,,,byerly_tr,,,1:religion;2:divine_attributes;3:divine_omnipotence
25110,incollection,byerly_tr:2017a,,,2017,,Virtues of Repair in Paradise,Virtues of Repair in Paradise,,,,,,,136--157,136,,,,,,,,,,,,,,,,,,,english,false,,,byerly_tr,,,1:religion;2:heaven_and_hell
25111,article,byerly_tr:2017b,,,2017,,The Indirect Response to the Foreknowledge Argument [on \citet{fischer_jm:2016}],The Indirect Response to the Foreknowledge Argument [on Fischer (2016)],,,,european-journal-for-philosophy-of-religion,9,4,3--12,3,,,,,,,,,,,,,,,,,,,english,false,,,byerly_tr,,,1:religion;2:theological_determinism;3:divine_foreknowledge
25112,book,byerly_tr:2018,,,2018,,Putting Others First: The Christian Ideal of Others-Centeredness,Putting Others First: The Christian Ideal of Others-Centeredness,,,,,,,,,,,London,,,routledge,,,,,,,,,,,,,english,false,,,byerly_tr,,,1:ethics;2:religious_ethics
25113,article,byerly_tr:2019,,,2019,,From a Necessary Being to a Perfect Being,From a Necessary Being to a Perfect Being,,,,analysis,79,1,10--17,10,,,,,,,,,,,,,,,,,,,english,false,,,byerly_tr,,,1:modality;2:contingency;3:divine_contingency
25114,incollection,byerly_tr:2024,,,2024,,The Evidential Support Relation of Evidentialism,The Evidential Support Relation of Evidentialism,,,,,,,63--73,63,,,,,,,,,,,,,,,,,,,english,false,,,byerly_tr,,,2:basing_in_epistemology
25115,article,byers_s:2003,,,2003,,Augustine and the Cognitive Cause of Stoic Preliminary Passionsi ( Propatheiai ),Augustine and the Cognitive Cause of Stoic Preliminary Passionsi ( Propatheiai ),,,,journal-of-the-history-of-philosophy,41,4,433--448,433,,,,,,,,,,,,,,,,,,,english,false,,,byers_s,,,1:feeling;2:passions
25116,article,byers_s:2006,,,2006,,Life as ``Self-Motion'': Descartes and ``The Aristotelians'' on the Soul as the Life of the Body,Life as “Self-Motion”: Descartes and “The Aristotelians” on the Soul as the Life of the Body,,,,the-review-of-metaphysics,59,4,723--755,723,,,,,,,,,,,,,,,,,,,english,false,,,byers_s,,,1:biology;2:life
25117,incollection,byers_s:2012,,,2012,,The psychology of compassion: Stoicism in \emph{City of God} 9.5,The psychology of compassion: Stoicism in City of God 9.5,,,,,,,130--148,130,,,,,,,,,,,,,,,,,,,english,false,,,byers_s,,,1:history_of_philosophy
25118,incollection,byers_s:2016,,,2016,,Augustine's Debt to Stoicism in the \emph{Confessions},Augustine's Debt to Stoicism in the Confessions,,,,,,,56--69,56,,,,,,,,,,,,,,,,,,,english,false,,,byers_s,,,1:history_of_philosophy
25119,incollection,byers_s:2017,,,2017,,"Augustinian Puzzles about Body, Soul, Flesh, and Death","Augustinian Puzzles about Body, Soul, Flesh, and Death",,,,,,,87--108,87,,,,,,,,,,,,,,,,,,,english,false,,,byers_s,,,1:persons;2:the_body
25120,incollection,byers_s:2017a,,,2017,,Early Christian Ethics,Early Christian Ethics,,,,,,,112--124,112,,,,,,,,,,,,,,,,,,,english,false,,,byers_s,,,1:ethics;2:religious_ethics
25121,incollection,byk:2000,,,2000,,New Biomedical Developments and Their Impact on the Legal Theory and Practice ofthe Mind-Body Relationship,New Biomedical Developments and Their Impact on the Legal Theory and Practice ofthe Mind-Body Relationship,,,,,,,125--134,125,,,,,,,,,,,,,,,,,,,english,false,,,byk,,,1:mind_body
25122,book,bykova_mf-westphal:2020,,,2020,,The Palgrave Hegel Handbook,The Palgrave Hegel Handbook,The Palgrave Hegel Handbook,The Palgrave Hegel Handbook,,,,,,,,palgrave_handbooks_in_german_idealism,London,,,palgrave-macmillan,,,,,,,,,,,10.1007/978-3-030-26597-7,,english,false,,,,bykova_mf;westphal_kr,,
25123,incollection,bykova_mf:2009,,,2009,,Spirit and Concrete Subjectivity in Hegel's \emph{Phenomenology of Spirit},Spirit and Concrete Subjectivity in Hegel's Phenomenology of Spirit,,,,,,,265--295,265,,,,,,,,,,,,,,,,,,,english,false,,,bykova_mf,,,1:metaphysics;2:perspectivalism;3:subjectivity
25124,incollection,bykova_mf:2013,,,2013,,Thinking and Knowing,Thinking and Knowing,,,,,,,225--230,225,,,,,,,,,,,,,,,,,,,english,false,,,bykova_mf,,,1:knowledge
25125,incollection,bykova_mf:2013a,,,2013,,Mediation and Immediacy,Mediation and Immediacy,,,,,,,231--234,231,,,,,,,,,,,,,,,,,,,english,false,,,bykova_mf,,,1:perception;2:direct_realism;3:direct_perception
25126,incollection,bykova_mf:2013b,,,2013,,Will and Freedom,Will and Freedom,,,,,,,265--271,265,,,,,,,,,,,,,,,,,,,english,false,,,bykova_mf,,,1:determinism;2:free_will
25127,incollection,bykova_mf:2018,,,2018,,Lenin and Philosophy: On the Philosophical Significance of \emph{Materialism and Empiriocriticism},Lenin and Philosophy: On the Philosophical Significance of Materialism and Empiriocriticism,,,,,,,121--160,121,,,,,,,,,,,,,,,,,,,english,false,,,bykova_mf,,,1:political_philosophy;2:marxism
25128,book,bykova_mf:2019,,,2019,,Hegel's \emph{Philosophy of Spirit}.~A Critical Guide,Hegel's Philosophy of Spirit. A Critical Guide,Hegel's \emph{Philosophy of Spirit}.~A Critical Guide,Hegel's Philosophy of Spirit. A Critical Guide,,,,,,,,cambridge_critical_guides,Cambridge,,,cambridge-university-press,,,,,,,,,,,10.1017/9781108164184,,english,false,,,,bykova_mf,,2:metaphysics_of_the_mind
25129,incollection,bykova_mf:2019a,,,2019,,Introduction: Hegel's \emph{Encyclopaedia} Philosophy of Spirit,Introduction: Hegel's Encyclopaedia Philosophy of Spirit,,,,,,,1--8,1,,,,,,,,,,,,,,,,,,,english,false,,,bykova_mf,,,2:metaphysics_of_the_mind
25130,incollection,bykova_mf:2019b,,,2019,,On Hegel's Account of Selfhood and Human Sociality,On Hegel's Account of Selfhood and Human Sociality,,,,,,,164--185,164,,,,,,,,,,,,,,,,,,,english,false,,,bykova_mf,,,1:persons;2:self
25131,incollection,bykova_mf:2020,,,2020,,The God of the Philosophers and Theology (Kap.~24-25),The God of the Philosophers and Theology (Kap. 24-25),,,,,,,169--186,169,,,,,,,,,,,,,,,,,,,english,false,,,bykova_mf,,,1:religion;2:theology
25132,article,bykvist-hattiangadi:2007,,,2007,,Does Thought Imply Ought?,Does Thought Imply Ought?,,,,analysis,67,4,277--285,277,,,,,,,,,,,,,,,,,,,english,false,,,bykvist;hattiangadi_a,,,2:normativity
25133,incollection,bykvist-hattiangadi:2014,,,2014,,"Belief, Truth, and Blindspots","Belief, Truth, and Blindspots",,,,,,,100--122,100,,,,,,,,,,,,,,,,,,,english,false,,,bykvist;hattiangadi_a,,,2:epistemic_norms
25134,article,bykvist-olson:2009,,,2009,,Expressivism and Moral Certitude,Expressivism and Moral Certitude,,,,the-philosophical-quarterly,59,235,202--215,202,,,,,,,,,,,,,,,,,,,english,false,,,bykvist;olson_j,,,2:expressivism
25135,article,bykvist-olson:2019,,,2019,,What Matters in Metaethics [critical notice of \citet{parfit:2017}],What Matters in Metaethics [critical notice of Parfit (2017)],,,,analysis,79,2,341--349,341,,,,,,,,,,,,,,,,,,,english,false,,,bykvist;olson_j,,,1:ethics;2:metaethics
25136,article,bykvist:2002,,,2002,,Alternative Actions and the Spirit of Consequentialism,Alternative Actions and the Spirit of Consequentialism,,,,philosophical-studies,107,1,45--68,45,,,,,,,,,,,,,,,,,10.1023/a:1013191909430,,english,false,,,bykvist,,,1:ethics;2:metaethics;3:ethical_consequentialism
25137,incollection,bykvist:2003,,,2003,,The Moral Relevance of Past Preferences,The Moral Relevance of Past Preferences,,,,,,,115--136,115,,,,,,,,,,,,,,,,,,,english,false,,,bykvist,,,1:time;2:experience_of_time;3:time_preference
25138,article,bykvist:2007,,,2007,,Violations of Normative Invariance: Some Thoughts on Shifty Oughts,Violations of Normative Invariance: Some Thoughts on Shifty Oughts,,,,theoria,73,2,98--120,98,,,,,,,,,,,,,,,,,,,english,false,,,bykvist,,,2:ought
25139,article,bykvist:2007a,,,2007,,"The Good, the Bad, and the Ethically Neutral","The Good, the Bad, and the Ethically Neutral",,,,economics-and-philosophy,23,1,97--105,97,,,,,,,,,,,,,,,,,,,english,false,,,bykvist,,,
25140,article,bykvist:2007b,,,2007,,The Benefits of Coming into Existence,The Benefits of Coming into Existence,,,,philosophical-studies,135,3,335--362,335,,,,,,,,,,,,,,,,,10.1007/s11098-005-3982-x,,english,false,,,bykvist,,,1:ethics;2:meaning_of_life
25141,article,bykvist:2009,,,2009,,No Good Fit: Why the Fitting Attitude Analysis of Value Fails,No Good Fit: Why the Fitting Attitude Analysis of Value Fails,,,,mind,118,469,1--30,1,,,,,,,,,,,,,,,,,,,english,false,,,bykvist,,,2:buckpassing
25142,article,bykvist:2010,,,2010,,Can Unstable Preferences Provide a Stable Standard of Well-Being?,Can Unstable Preferences Provide a Stable Standard of Well-Being?,,,,economics-and-philosophy,26,1,1--26,1,,,,,,,,,,,,,,,,,,,english,false,,,bykvist,,,1:decision_theory
25143,incollection,bykvist:2013,,,2013,,Time and Morality,Time and Morality,,,,,,,549--562,549,,,,,,,,,,,,,,,,,,,english,false,,,bykvist,,,1:time
25144,incollection,bykvist:2014,,,2014,,Utilitarianism in the Twentieth Century,Utilitarianism in the Twentieth Century,,,,,,,103--124,103,,,,,,,,,,,,,,,,,,,english,false,,,bykvist,,,1:ethics;2:metaethics;3:utilitarianism
25145,incollection,bykvist:2015,,,2015,,Being and Wellbeing,Being and Wellbeing,,,,,,,87--94,87,,,,,,,,,,,,,,,,,,,english,false,,,bykvist,,,1:social_philosophy;2:well_being
25146,incollection,bykvist:2015a,,,2015,,Value and Time,Value and Time,,,,,,,117--135,117,,,,,,,,,,,,,,,,,,,english,false,,,bykvist,,,
25147,article,bykvist:2015b,,,2015,,Reply to Orsi,Reply to Orsi,,,,mind,124,496,1201--1205,1201,,,,,,,,,,,,,,,,,,,english,false,,,bykvist,,,2:buckpassing
25148,article,bykvist:2017,,,2017,,Moral Uncertainty,Moral Uncertainty,,,,philosophy-compass,12,3,e12408,,e12408,,,,,,,,,,,,,,,,10.1111/phc3.e12408,,english,false,,,bykvist,,,1:ethics;2:epistemology_of_morality
25149,article,bykvist:2018,,,2018,,Review of \citet{lord_e-maguire:2016},Review of Lord and Maguire (2016),,,,analysis,78,1,180--183,180,,,,,,,,,,,,,,,,,,,english,false,,,bykvist,,,1:epistemology;2:justification;3:reasons_for_belief
25150,incollection,bykvist:2018a,,,2018,,Agent-Relative and Agent-Neutral Reasons,Agent-Relative and Agent-Neutral Reasons,,,,,,,821--838,821,,,,,,,,,,,,,,,,,,,english,false,,,bykvist,,,
25151,incollection,bylander-etal:1989,,,1989,,Some Results Concerning the Computational Complexity of Abduction,Some Results Concerning the Computational Complexity of Abduction,,,,,,,44--54,44,,,,,,,,,,,,,,,,,,,english,false,,,bylander;allemang;tanner_m;josephson_jr,,,1:information;2:knowledge_representation
25152,article,bylander-etal:1991,,,1991,,The Computational Complexity of Abduction,The Computational Complexity of Abduction,,,,artificial-intelligence,49,1--3,25--60,25,,,,,,,,,,,,,,,,,,,english,false,,,bylander;allemang;tanner_m;josephson_jr,,,1:information;2:knowledge_representation;3:kr_complexity_analysis
25153,incollection,bylander:1991,,,1991,,The Monotonic Abduction Problem: A Functional Characterization on the Edge of Tractability,The Monotonic Abduction Problem: A Functional Characterization on the Edge of Tractability,,,,,,,70--77,70,,,,,,,,,,,,,,,,,,,english,false,,,bylander,,,1:information;2:knowledge_representation
25154,article,bylander:1994,,,1994,,The Computational Complexity of Propositional {STRIPS} Planning,The Computational Complexity of Propositional STRIPS Planning,,,,artificial-intelligence,69,1/2,165--204,165,,,,,,,,,,,,,,,,,,,english,false,,,bylander,,,1:computation;2:computability;3:computational_complexity
25155,article,bylander:1996,,,1996,,A Probabilistic Analysis of Propositional {STRIPS} Planning,A Probabilistic Analysis of Propositional STRIPS Planning,,,,artificial-intelligence,81,1/2,241--271,241,,,,,,,,,,,,,,,,,,,english,false,,,bylander,,,1:computation;2:data;3:search
25156,article,bylander:1998,,,1998,,Worst-Case Analysis of the Perceptron and Worst-Case Exponentiated Update Algorithms,Worst-Case Analysis of the Perceptron and Worst-Case Exponentiated Update Algorithms,,,,gb,106,2,335--352,335,,,,,,,,,,,,,,,,,,,english,false,,,bylander,,,1:computation;2:computability;3:computational_complexity
25157,article,byles:1942,,,1942,,The Analogy of Being,The Analogy of Being,,,,the-new-scholasticism,16,4,331--364,331,,,,,,,,,,,,,,,,,,,english,false,,,byles,,,1:ontology;2:being;3:modes_of_being
25158,incollection,bylinina_l-zadorozhny:2012,,,2012,,"Evaluative Adjectives, Scale Structures, and Ways of Being Polite","Evaluative Adjectives, Scale Structures, and Ways of Being Polite",,,,,,,133--142,133,,,,,,,,,,,,,,,,,,,english,false,,,bylinina_l;zadorozhny_s,,,1:pragmatics;2:speech_acts;3:pejoratives
25159,incollection,byloo-nuyts:2013,,,2013,,Modal Auxiliaries and Tense: The Case of Dutch,Modal Auxiliaries and Tense: The Case of Dutch,,,,,,,73--97,73,,,,,,,,,,,,,,,,,,,english,false,,,byloo;nuyts,,,1:time;2:tense_aspect
25160,article,bynoe-jones:2013,,,2013,,Solitude without Souls: Why Peter Unger hasn't Established Substance Dualism,Solitude without Souls: Why Peter Unger hasn't Established Substance Dualism,,,,philosophia,41,1,109--125,109,,,,,,,,,,,,,,,,,,,english,false,,,bynoe;jones_nk,,,1:mind_body;2:dualism
25161,article,bynoe:2011,,,2011,,Against the Compositional View of Facts,Against the Compositional View of Facts,,,,australasian-journal-of-philosophy,89,1,91--100,91,,,,,,,,,,,,,,,,,,,english,false,,,bynoe,,,1:exemplification;2:states_of_affairs
25162,book,bynum_t-moor:1998,,,1998,,The Digital Phoenix: How Computers are Changing Philosophy,The Digital Phoenix: How Computers are Changing Philosophy,,,,,,,,,,,Oxford,,,blackwell-publishers,,,,,,,,,,,,,english,false,,,bynum_t;moor_jh,,,1:computation
25163,book,bynum_t-moor:2002,,,2002,,Cyberphilosophy: The intersection of philosophy and computing,Cyberphilosophy: The intersection of philosophy and computing,,,,,,,,,,,Oxford,,,blackwell-publishers,,,,,,,,,,,,,english,false,,,bynum_t;moor_jh,,,1:ai;2:robotics
25164,article,bynum_t:1985,,,1985,,"Artificial Intelligence, Biology, and Intentional States","Artificial Intelligence, Biology, and Intentional States",,,,metaphilosophy,16,,355--377,355,,,,,,,,,,,,,,,,,,,english,false,,,bynum_t,,,1:ai
25165,article,bynum_t:1987,,,1987,,A New Look at Aristotle's Theory of Perception,A New Look at Aristotle's Theory of Perception,,,,history-of-philosophy-quarterly,4,2,163--178,163,,,,,,,,,,,,,,,,,,,english,false,,,bynum_t,,,1:perception
25166,incollection,bynum_t:2010,,,2010,,Philosophy in the Information Age,Philosophy in the Information Age,,,,,,,171--194,171,,,,,,,,,,,,,,,,,,,english,false,,,bynum_t,,,1:information
25167,incollection,bynum_t:2016,,,2016,,Informational Metaphysics: The Informational Nature of Reality,Informational Metaphysics: The Informational Nature of Reality,,,,,,,203--218,203,,,,,,,,,,,,,,,,,,,english,false,,,bynum_t,,,1:information
25168,incollection,bynum_wf:1983,,,1983,,"Themes in British Psychiatry, J.~C.Prichard (1785--1848) to Henry Maudsley (1835--1918)","Themes in British Psychiatry, J. C.Prichard (1785–1848) to Henry Maudsley (1835–1918)",,,,,,,225--242,225,,,,,,,,,,,,,,,,,,,english,false,,,bynum_wf,,,1:psychology
25169,incollection,byrd_bs:1995,,,1995,,The State as a ``Moral Person'',The State as a “Moral Person”,,,,,,,171--190,171,,,,,,,,,,,,,,,,,,,english,false,,,byrd_bs,,,1:political_philosophy;2:justification_of_the_state
25170,incollection,byrd_bs:1995a,,,1995,,Perpetual Peace: A 20th Century Project,Perpetual Peace: A 20th Century Project,,,,,,,343--362,343,,,,,,,,,,,,,,,,,,,english,false,,,byrd_bs,,,1:political_philosophy;2:war;3:peace
25171,incollection,byrd_bs:2002,,,2002,,Kant's Theory of Contract,Kant's Theory of Contract,,,,,,,111--132,111,,,,,,,,,,,,,,,,,,,english,false,,,byrd_bs,,,1:economics;2:contracts
25172,incollection,byrd_bs:2010,,,2010,,Intelligible Possession of Objects of Choice,Intelligible Possession of Objects of Choice,,,,,,,93--110,93,,,,,,,,,,,,,,,,,,,english,false,,,byrd_bs,,,1:ethics
25173,incollection,byrd_bs:2015,,,2015,,The Elusive Story of Kant's Permissive Laws,The Elusive Story of Kant's Permissive Laws,,,,,,,156--169,156,,,,,,,,,,,,,,,,,,,english,false,,,byrd_bs,,,1:ethics
25174,article,byrd_j:2007,,,2007,,Moral Responsibility and Omissions,Moral Responsibility and Omissions,,,,the-philosophical-quarterly,57,226,56--67,56,,,,,,,,,,,,,,,,,,,english,false,,,byrd_j,,,1:ethics
25175,article,byrd_j:2008,,,2008,,A Remark on Kant's Argument from Incongruent Counterparts,A Remark on Kant's Argument from Incongruent Counterparts,,,,british-journal-for-the-history-of-philosophy,16,4,789--800,789,,,,,,,,,,,,,,,,,,,english,false,,,byrd_j,,,1:space_spacetime;2:incongruent_counterparts
25176,article,byrd_j:2008a,,,2008,,Kant's Compatibilism in the \emph{New Elucidation of the First Principles of Metaphysical Cognition},Kant's Compatibilism in the New Elucidation of the First Principles of Metaphysical Cognition,,,,kant-studien,99,1,68--79,68,,,,,,,,,,,,,,,,,,,english,false,,,byrd_j,,,1:determinism
25177,article,byrd_j:2010,,,2010,,Agnosticism about Moral Responsibility,Agnosticism about Moral Responsibility,,,,canadian-journal-of-philosophy,40,3,411--432,411,,,,,,,,,,,,,,,,,10.1080/00455091.2010.10716729,,english,false,,,byrd_j,,,1:action;2:responsibility
25178,article,byrd_j:2010a,,,2010,,The Necessity of Tomorrow's Sea Battle,The Necessity of Tomorrow's Sea Battle,,,,the-southern-journal-of-philosophy,48,2,160--176,160,,,,,,,,,,,,,,,,,,,english,false,,,byrd_j,,,1:time;2:the_future;3:future_contingents
25179,article,byrd_j:2014,,,2014,,The Dialectical Advantage of the Direct Argument,The Dialectical Advantage of the Direct Argument,,,,erkenntnis,79,2,431--444,431,,,,,,,,,,,,,,,,,,,english,false,,,byrd_j,,,1:determinism;2:free_will
25180,article,byrd_j:2021,,,2021,,What Should We Believe About Free Will?,What Should We Believe About Free Will?,,,,erkenntnis,86,3,505--522,505,,,,,,,,,,,,,,,,,10.1007/s10670-019-00116-3,,english,false,,,byrd_j,,,
25181,article,byrd_m:2007,,,2007,,The Summoner Approach: A New Method of Plato Interpretation,The Summoner Approach: A New Method of Plato Interpretation,,,,journal-of-the-history-of-philosophy,45,3,365--381,365,,,,,,,,,,,,,,,,,,,english,false,,,byrd_m,,,1:history_of_philosophy
25182,article,byrd_m:2007a,,,2007,,Dialectic and Plato's Method of Hypothesis,Dialectic and Plato's Method of Hypothesis,,,,apeiron,40,2,141--158,141,,,,,,,,,,,,,,,,,,,english,false,,,byrd_m,,,1:method;2:dialectic
25183,article,byrd_me:1973,,,1973,,Knowledge and True Belief in Hintikka's Epistemic Logic,Knowledge and True Belief in Hintikka's Epistemic Logic,,,,journal-of-philosophical-logic,2,2,181--192,181,,,,,,,,,,,,,,,,,,,english,false,,,byrd_me,,,1:epistemology;2:epistemic_logic
25184,article,byrd_me:1975,,,1975,,On Incoherent Quantification in Languages without Constants,On Incoherent Quantification in Languages without Constants,,,,logique-et-analyse,18,69/70,155--169,155,,,,,,,,,,,,,,,,,,,english,false,,,byrd_me,,,1:language;2:quantifiers
25185,article,byrd_me:1978,,,1978,,The Extensions of {BAlt}$_3$ -- Revisited,The Extensions of BAlt_3 – Revisited,,,,journal-of-philosophical-logic,7,4,407--413,407,,,,,,,,,,,,,,,,,,,english,false,,,byrd_me,,,1:logic;2:modal_logic
25186,article,byrd_me:1979,,,1979,,On Lukasiewiczian Logics with Several Designated Values,On Lukasiewiczian Logics with Several Designated Values,,,,logique-et-analyse,22,88,489--504,489,,,,,,,,,,,,,,,,,,,english,false,,,byrd_me,,,1:logic;2:many_valued_logic
25187,article,byrd_n:2021,,,2021,,Reflective Reasoning \& Philosophy,Reflective Reasoning & Philosophy,,,,philosophy-compass,16,11,e12786,,e12786,,,,,,,,,,,,,,,,10.1111/phc3.12786,,english,false,,,byrd_n,,,
25188,incollection,byrd_rj:1994,,,1994,,Discovering Relationships Among Word Senses,Discovering Relationships Among Word Senses,,,,,,,177--189,177,,,,,,,,,,,,,,,,,,,english,false,,,byrd_rj,,,1:linguistics;2:linguistics_as_a_science;3:mathematical_linguistics
25189,incollection,byres_tj:2005,,,2005,,Neoliberalism and Primitive Accumulation in Less Developed Countries,Neoliberalism and Primitive Accumulation in Less Developed Countries,,,,,,,83--90,83,,,,,,,,,,,,,,,,,,,english,false,,,byres_tj,,,1:political_philosophy;2:liberalism;3:neo_liberalism
25190,book,byrne_a-etal:2001,,,2001,,Fact and Value: Essays on Ethics and Metaphysic for Judith Jarvis Thomson,Fact and Value: Essays on Ethics and Metaphysic for Judith Jarvis Thomson,Fact and Value: Essays on Ethics and Metaphysic for Judith Jarvis Thomson,Fact and Value: Essays on Ethics and Metaphysic for Judith Jarvis Thomson,,,,,,,,,"Cambridge, Massachusetts",,,the-mit-press,,,,,,,,,,,,,english,false,,,,byrne_a;stalnaker_rc;wedgwood_r,,1:metaphysics
25191,article,byrne_a-etal:2018,,,2018,,Discussion of \citet{gupta_a:2018},Discussion of Gupta (2018),,,,analytic-philosophy,59,1,75--88,75,,,,,,,,,,,,,,,,,,,english,false,,,byrne_a;goldhaber_c;gupta_a;pautz;rosenhagen_r,,,1:perception;2:experience
25192,incollection,byrne_a-green:2023,,,2023,,"Whither Na{\""{\i}}ve Realism? -- I",Whither Naïve Realism? – I,,,,,,,49--68,49,,,,,,,,,,,,,,,,,10.1111/phpe.12180,,english,false,,,byrne_a;green_ej,,,1:perception;2:direct_realism
25193,article,byrne_a-hajek:1997,,,1997,,"David Hume, David Lewis, and Decision Theory","David Hume, David Lewis, and Decision Theory",,,,mind,105,,,,,,,,,,,,,,,,,,,,,,english,false,,,byrne_a;hajek_a,,,1:decision_theory
25194,article,byrne_a-hall:1998,,,1998,,Against the PCA-Analysis,Against the PCA-Analysis,,,,analysis,58,,38--44,38,,,,,,,,,,,,,,,,,,,english,false,,,byrne_a;hall_n,,,1:causation
25195,article,byrne_a-hall:1999,,,1999,,Chalmers on Consciousness and Quantum Mechanics,Chalmers on Consciousness and Quantum Mechanics,,,,philosophy-of-science,66,,370--390,370,,,,,,,,,,,,,,,,,,,english,false,,,byrne_a;hall_n,,,2:consciousness
25196,article,byrne_a-hilbert:1995,,,1995,,Reply to Hyman: Perception and Causation,Reply to Hyman: Perception and Causation,,,,the-journal-of-philosophy,92,,,,,,,,,,,,,,,,,,,,,,english,false,,,byrne_a;hilbert_dr,,,1:perception
25197,book,byrne_a-hilbert:1997,,,1997,,Readings on Colors.~Volume 1: The Philosophy of Color,Readings on Colors. Volume 1: The Philosophy of Color,Readings on Colors.~Volume 1: The Philosophy of Color,Readings on Colors. Volume 1: The Philosophy of Color,,,,,,,,,"Cambridge, Massachusetts",,,the-mit-press,,,,,,,,,,,10.7551/mitpress/5787.001.0001,,english,false,,,,byrne_a;hilbert_dr,,1:perception;2:colours
25198,book,byrne_a-hilbert:1997a,,,1997,,Readings on Colors.~Volume 2: The Science of Color,Readings on Colors. Volume 2: The Science of Color,Readings on Colors.~Volume 2: The Science of Color,Readings on Colors. Volume 2: The Science of Color,,,,,,,,,"Cambridge, Massachusetts",,,the-mit-press,,,,,,,,,,,,,english,false,,,,byrne_a;hilbert_dr,,1:perception;2:colours
25199,incollection,byrne_a-hilbert:1997b,,,1997,,Colors and Reflectances,Colors and Reflectances,,,,,,,263--288,263,,,,,,,,,,,,,,,,,10.7551/mitpress/5787.003.0017,,english,false,,,byrne_a;hilbert_dr,,,1:perception;2:colours;3:ontology_of_colours
25200,article,byrne_a-hilbert:1997c,,,1997,,Unique Hues [Comments on \citet{vanbrakel-saunders:1997}],Unique Hues [Comments on van Brakel and Saunders (1997)],,,,behavioral-and-brain-sciences,20,2,,,,,,,,,,,,,,,,,,,,,english,false,,,byrne_a;hilbert_dr,,,1:perception;2:colours
25201,article,byrne_a-hilbert:1999,,,1999,,Two Radical Neuron Doctrines [Comments on \citet{gold_i-stoljar:1999}],Two Radical Neuron Doctrines [Comments on Gold and Stoljar (1999)],,,,behavioral-and-brain-sciences,22,5,,,,,,,,,,,,,,,,,,,,,english,false,,,byrne_a;hilbert_dr,,,1:psychology;2:neuroscience
25202,article,byrne_a-hilbert:2003,,,2003,,Color Realism and Color Science,Color Realism and Color Science,,,,behavioral-and-brain-sciences,26,1,3--21,3,,,,,,,,,,,,,,,,,10.1017/s0140525x03000013,,english,false,,,byrne_a;hilbert_dr,,,1:perception;2:colours
25203,article,byrne_a-hilbert:2003a,,,2003,,Color Realism Redux,Color Realism Redux,,,,behavioral-and-brain-sciences,26,,52--63,52,,,,,,,,,,,,,,,,,,,english,false,,,byrne_a;hilbert_dr,,,1:perception;2:colours;3:ontology_of_colours
25204,article,byrne_a-hilbert:2004,,,2004,,"Hardin, Tye, and Color Physicalism","Hardin, Tye, and Color Physicalism",,,,the-journal-of-philosophy,101,1,37--43,37,,,,,,,,,,,,,,,,,,,english,false,,,byrne_a;hilbert_dr,,,1:perception;2:colours;3:ontology_of_colours
25205,article,byrne_a-hilbert:2006,,,2006,,Hoffman's ``Proof'' of the Possibility of Spectrum Inversion,Hoffman's “Proof” of the Possibility of Spectrum Inversion,,,,consciousness-and-cognition,15,,48--50,48,,,,,,,,,,,,,,,,,,,english,false,,,byrne_a;hilbert_dr,,,1:perception;2:phenomenal_properties;3:inverted_spectrum
25206,article,byrne_a-hilbert:2007,,,2007,,Truest Blue,Truest Blue,,,,analysis,67,1,87--92,87,,,,,,,,,,,,,,,,,,,english,false,,,byrne_a;hilbert_dr,,,1:perception;2:colours
25207,article,byrne_a-hilbert:2007a,,,2007,,Color Primitivism,Color Primitivism,,,,erkenntnis,66,1/2,73--105,73,,,,,,,,,,,,,,,,,10.1007/s10670-006-9028-8,,english,false,,,byrne_a;hilbert_dr,,,1:perception;2:colours;3:ontology_of_colours
25208,incollection,byrne_a-hilbert:2008,,,2008,,Basic Sensible Qualities and the Structure of Appearance,Basic Sensible Qualities and the Structure of Appearance,,,,,,,385--405,385,,,,,,,,,,,,,,,,,,,english,false,,,byrne_a;hilbert_dr,,,1:perception;2:phenomenal_properties
25209,incollection,byrne_a-hilbert:2011,,,2011,,Are Colors Secondary Qualities?,Are Colors Secondary Qualities?,,,,,,,339--361,339,,,,,,,,,,,,,,,,,,,english,false,,,byrne_a;hilbert_dr,,,1:perception;2:colours;3:ontology_of_colours
25210,incollection,byrne_a-hilbert:2021,,,2021,,The Science of Colour and Colour Vision,The Science of Colour and Colour Vision,,,,,,,123--139,123,,,,,,,,,,,,,,,,,,,english,false,,,byrne_a;hilbert_dr,,,1:perception;2:colours
25211,incollection,byrne_a-hilbert:2021a,,,2021,,Objectivist Reductionism,Objectivist Reductionism,,,,,,,287--298,287,,,,,,,,,,,,,,,,,,,english,false,,,byrne_a;hilbert_dr,,,1:perception;2:colours
25212,incollection,byrne_a-logue:2008,,,2008,,Either/Or,Either/Or,,,,,,,57--94,57,,,,,,,,,,,,,,,,,,,english,false,,,byrne_a;logue_h,,,1:perception;2:disjunctivism_about_perception
25213,book,byrne_a-logue:2009,,,2009,,Disjunctivism: Contemporary Readings,Disjunctivism: Contemporary Readings,Disjunctivism: Contemporary Readings,Disjunctivism: Contemporary Readings,,,,,,,,,"Cambridge, Massachusetts",,,the-mit-press,,,,,,,,,,,10.7551/mitpress/9780262026550.001.0001,,english,false,,,,byrne_a;logue_h,,1:perception;2:disjunctivism_about_perception
25214,incollection,byrne_a-logue:2009a,,,2009,,Introduction,Introduction,,,,,,,vii--xxix,7,,,,,,,,,,,,,,,,,,,english,false,,,byrne_a;logue_h,,,1:perception;2:disjunctivism_about_perception
25215,incollection,byrne_a-pryor:2006,,,2006,,Bad Intensions,Bad Intensions,,,,,,,38--54,38,,,,,,,,,,,,,,,,,,,english,false,,,byrne_a;pryor,,,1:representation;2:2d
25216,article,byrne_a-thau:1996,,,1996,,In Defense of the Hybrid View,In Defense of the Hybrid View,,,,mind,105,,139--149,139,,,,,,,,,,,,,,,,,,,english,false,,,byrne_a;thau,,,
25217,article,byrne_a-tye:2006,,,2006,,Qualia Ain't in the Head,Qualia Ain't in the Head,,,,nous,40,2,241--255,241,,,,,,,,,,,,,,,,,,,english,false,,,byrne_a;tye,,,1:perception;2:phenomenal_properties;3:qualia
25218,article,byrne_a:1993,,,1993,,Truth in Fiction: The Story Continued,Truth in Fiction: The Story Continued,,,,australasian-journal-of-philosophy,71,1,24--35,24,,,,,,,,,,,,,,,,,,,english,false,,,byrne_a,,,1:truth;2:fictional_truth
25219,article,byrne_a:1993a,,,1993,,Review of \citet{currie_g:1990},Review of Currie (1990),,,,australasian-journal-of-philosophy,71,,503--505,503,,,,,,,,,,,,,,,,,,,english,false,,,byrne_a,,,1:aesthetics;2:fiction
25220,article,byrne_a:1993b,,,1993,,Review of \citet{mellor_dh:1991},Review of Mellor (1991),,,,the-philosophical-review,102,,285--287,285,,,,,,,,,,,,,,,,,,,english,false,,,byrne_a,,,
25221,incollection,byrne_a:1994,,,1994,,Behaviourism,Behaviourism,,,,,,,132--139,132,,,,,,,,,,,,,,,,,,,english,false,,,byrne_a,,,1:psychology;2:behaviourism
25222,article,byrne_a:1994a,,,1994,,Review of \citet{bilgrami:1992},Review of Bilgrami (1992),,,,the-philosophical-review,103,,356--358,356,,,,,,,,,,,,,,,,,,,english,false,,,byrne_a,,,
25223,article,byrne_a:1996,,,1996,,On Misinterpreting Kripke's Wittgenstein,On Misinterpreting Kripke's Wittgenstein,,,,philosophy-and-phenomenological-research,56,,,,,,,,,,,,,,,,,,,,,,english,false,,,byrne_a,,,1:representation;2:meaning_skepticism;3:rule_following
25224,incollection,byrne_a:1996a,,,1996,,Spin Control: comment on \citet{mcdowell_j:1994},Spin Control: comment on McDowell (1994),,,,,,,261--273,261,,,,,,,,,,,,,,,,,,,english,false,,,byrne_a,,,1:metaphysics;2:realism
25225,article,byrne_a:1997,,,1997,,Some like It HOT: Consciousness and Higher-Order Thoughts,Some like It HOT: Consciousness and Higher-Order Thoughts,,,,philosophical-studies,86,2,103--129,103,,,,,,,,,,,,,,,,,10.1023/a:1017959107565,,english,false,,,byrne_a,,,2:consciousness
25226,incollection,byrne_a:1998,,,1998,,Interpretivism,Interpretivism,,,,,,,205--230,205,,,,,,,,,,,,,,,,,,,english,false,,,byrne_a,,,1:properties;2:primary_secondary_qualities;3:response_dependence
25227,article,byrne_a:1998a,,,1998,,Dennett vs.~Gibson [Comments on \citet{pessoa_l-etal:1998}],"Dennett vs. Gibson [Comments on Pessoa, Thompson, and Noë (1998)]",,,,behavioral-and-brain-sciences,21,6,,,,,,,,,,,,,,,,,,,,,english,false,,,byrne_a,,,1:perception;2:colours
25228,article,byrne_a:1998b,,,1998,,Review of \citet{kim_jw:1996},Review of Kim (1996),,,,the-philosophical-review,107,,113--115,113,,,,,,,,,,,,,,,,,,,english,false,,,byrne_a,,,
25229,incollection,byrne_a:1999,,,1999,,Cosmic Hermeneutics,Cosmic Hermeneutics,,,,,,,347--383,347,,,,,,,,,,,,,,,,,,,english,false,,,byrne_a,,,1:epistemology;2:a_priori;3:contingent_a_priori
25230,article,byrne_a:1999a,,,1999,,Subjectivity is No Barrier [Comments on \citet{palmer_se:1999}],Subjectivity is No Barrier [Comments on Palmer (1999)],,,,behavioral-and-brain-sciences,22,6,,,,,,,,,,,,,,,,,,,,,english,false,,,byrne_a,,,1:perception;2:colours
25231,article,byrne_a:1999b,,,1999,,Review of \citet{vision:1997},Review of Vision (1997),,,,the-philosophical-review,108,,415--418,415,,,,,,,,,,,,,,,,,,,english,false,,,byrne_a,,,
25232,article,byrne_a:2000,,,2000,,Chalmers' Two-Dimensional Argument Against Physicalism,Chalmers' Two-Dimensional Argument Against Physicalism,,,,mit-working-papers-in-linguistics-and-philosophy,1,,,,,,,,,,,,,,,,,,,,,,english,false,,,byrne_a,,,1:mind_body;2:conceivability_arguments
25233,article,byrne_a:2001,,,2001,,Do Colours Look Like Dispositions? Reply to \citet{langsam:2000} and Others,Do Colours Look Like Dispositions? Reply to Langsam (2000) and Others,,,,the-philosophical-quarterly,51,203,238--245,238,,,,,,,,,,,,,,,,,,,english,false,,,byrne_a,,,1:perception;2:colours;3:ontology_of_colours
25234,article,byrne_a:2001a,,,2001,,Intentionalism Defended,Intentionalism Defended,,,,the-philosophical-review,110,2,199--240,199,,,,,,,,,,,,,,,,,,,english,false,,,byrne_a,,,1:perception;2:perceptual_content;3:perceptual_intentionality
25235,article,byrne_a:2001b,,,2001,,Review of \citet{stroud_b:2001},Review of Stroud (2001),,,,the-philosophical-quarterly,51,204,395--398,395,,,,,,,,,,,,,,,,,,,english,false,,,byrne_a,,,1:skepticism
25236,article,byrne_a:2001c,,,2001,,Review of \citet{carruthers:2000},Review of Carruthers (2000),,,,mind,110,,1057--1062,1057,,,,,,,,,,,,,,,,,,,english,false,,,byrne_a,,,
25237,unpublished,byrne_a:2001d,,,2001,,Chalmers on Epistemic Content,Chalmers on Epistemic Content,,,,,,,,,,,,,,,,,Unpublished manuscript,Unpublished manuscript,,,,,,,,,english,false,,,byrne_a,,,1:representation;2:content
25238,article,byrne_a:2002,,,2002,,"Yes, Virginia, Lemons are Yellow [on \citet{stroud_b:2001}]","Yes, Virginia, Lemons are Yellow [on Stroud (2001)]",,,,philosophical-studies,108,1/2,213--222,213,,,,,,,,,,,,,,,,,10.1023/a:1015736803819,,english,false,,,byrne_a,,,1:perception;2:illusions;3:argument_from_illusion
25239,article,byrne_a:2002a,,,2002,,Semantic Values? [on \citet{lance-hawthorne:1997}],Semantic Values? [on Lance and Hawthorne (1997)],,,,philosophy-and-phenomenological-research,65,1,201--207,201,,,,,,,,,,,,,,,,,,,english,false,,,byrne_a,,,1:representation;2:meaning
25240,article,byrne_a:2002b,,,2002,,Something About Mary,Something About Mary,,,,grazer-philosophische-studien,63,,123--140,123,,,,,,,,,,,Essays on the Philosophy of Terence Horgan,Essays on the Philosophy of Terence Horgan,,,,,,,english,false,,,byrne_a,,brandl;markic,1:perception;2:phenomenal_properties;3:knowledge_argument
25241,article,byrne_a:2003,,,2003,,Color and Similarity,Color and Similarity,,,,philosophy-and-phenomenological-research,66,3,641--665,641,,,,,,,,,,,,,,,,,,,english,false,,,byrne_a,,,1:perception;2:colours
25242,article,byrne_a:2003a,,,2003,,Consciousness and Nonconceptual Content [on \citet{tye:2000}],Consciousness and Nonconceptual Content [on Tye (2000)],,,,philosophical-studies,113,3,261--274,261,,,,,,,,,,,,,,,,,10.1023/a:1024088203357,,english,false,,,byrne_a,,,1:perception;2:perceptual_content;3:non_conceptual_content
25243,article,byrne_a:2004,,,2004,,How Hard are the Sceptical Paradoxes?,How Hard are the Sceptical Paradoxes?,,,,nous,38,,299--325,299,,,,,,,,,,,,,,,,,,,english,false,,,byrne_a,,,1:skepticism
25244,article,byrne_a:2004a,,,2004,,Review of \citet{levine_jo:2001},Review of Levine (2001),,,,the-philosophical-review,113,,594--597,594,,,,,,,,,,,,,,,,,,,english,false,,,byrne_a,,,1:perception;2:phenomenal_properties
25245,article,byrne_a:2004b,,,2004,,Review of \citet{tye:2000},Review of Tye (2000),,,,philosophy-and-phenomenological-research,68,1,245--247,245,,,,,,,,,,,,,,,,,,,english,false,,,byrne_a,,,1:perception;2:colours
25246,incollection,byrne_a:2004c,,,2004,,What Phenomenal Consciousness is Like,What Phenomenal Consciousness is Like,,,,,,,203--226,203,,,,,,,,,,,,,,,,,,,english,false,,,byrne_a,,,1:representation;2:metarepresentation;3:hot
25247,incollection,byrne_a:2005,,,2005,,Perception and Conceptual Content,Perception and Conceptual Content,,,,,,,447--483,447,,,,,,,,,,,,,,,,,,,english,false,,,byrne_a,,,1:representation;2:content
25248,article,byrne_a:2005a,,,2005,,Introspection,Introspection,,,,philosophical-topics,33,1,79--104,79,,,,,,,,,,,,,,,,,10.5840/philtopics20053312,,english,false,,,byrne_a,,,1:knowledge;2:self_knowledge
25249,article,byrne_a:2006,,,2006,,Color and the Mind-Body Problem,Color and the Mind-Body Problem,,,,dialectica,60,3,223--244,223,,,,,,,,,,,The Ontology of Colours,The Ontology of Colours,,,,,10.1111/j.1746-8361.2006.01061.x,,english,false,,,byrne_a,,mizrahi_v;nidaruemelin_m,1:perception;2:colours
25250,article,byrne_a:2006a,,,2006,,Comments,Comments,,,,dialectica,60,3,337--340,337,,,,,,,,,,,The Ontology of Colours,The Ontology of Colours,,,,,10.1111/j.1746-8361.2006.01066.x,,english,false,,,byrne_a,,mizrahi_v;nidaruemelin_m,1:perception;2:colours
25251,incollection,byrne_a:2006b,,,2006,,Intentionality,Intentionality,,,,,,,405--410,405,,,,,,,,,,,,,,,,,,,english,false,,,byrne_a,,,2:intentionality
25252,incollection,byrne_a:2007,,,2007,,Possibility and Imagination,Possibility and Imagination,,,,,,,125--144,125,,,,,,,,,,,,,,,,,,,english,false,,,byrne_a,,,1:modality;2:conceivability
25253,article,byrne_a:2009,,,2009,,Experience and Content,Experience and Content,,,,the-philosophical-quarterly,59,236,429--451,429,,,,,,,,,Reprinted in \citet[60--82]{hawley_k-macpherson:2011},Reprinted in Hawley and Macpherson (2011),,,,,,,,,english,false,,,byrne_a,,,1:perception;2:perceptual_content
25254,incollection,byrne_a:2009a,,,2009,,"Sensory Qualities, Sensible Qualities, Sensational Qualities","Sensory Qualities, Sensible Qualities, Sensational Qualities",,,,,,,268--280,268,,,,,,,,,,,,,,,,,,,english,false,,,byrne_a,,,1:perception;2:appearances
25255,article,byrne_a:2010,,,2010,,"Recollection, Perception, Imagination","Recollection, Perception, Imagination",,,,philosophical-studies,148,1,15--26,15,,,,,,,,,,,,,,,,,10.1007/s11098-010-9508-1,,english,false,,,byrne_a,,,1:perception
25256,article,byrne_a:2011,,,2011,,"Transparency, Belief, Intention","Transparency, Belief, Intention",,,,proceedings-of-the-aristotelian-society-supplementary-volume,85,,201--221,201,,,,,,,,,,,,,,,,,10.1111/j.1467-8349.2011.00203.x,,english,false,,,byrne_a,,,1:knowledge;2:self_knowledge;3:introspection
25257,incollection,byrne_a:2011a,,,2011,,Knowing that I Am Thinking,Knowing that I Am Thinking,,,,,,,105--124,105,,,,,,,,,,,,,,,,,,,english,false,,,byrne_a,,,1:epistemology;2:cogito
25258,article,byrne_a:2012,,,2012,,Hmm\dots Hill on the Paradox of Pain [on \citet{hill_cs:2009}],Hmm…Hill on the Paradox of Pain [on Hill (2009)],,,,philosophical-studies,161,3,489--496,489,,,,,,,,,,,,,,,,,10.1007/s11098-011-9811-5,,english,false,,,byrne_a,,,1:feeling;2:pain
25259,incollection,byrne_a:2012a,,,2012,,Knowing What I See,Knowing What I See,,,,,,,183--210,183,,,,,,,,,,,,,,,,,,,english,false,,,byrne_a,,,1:knowledge;2:self_knowledge;3:introspection
25260,incollection,byrne_a:2014,,,2014,,"McDowell and Wright on Anti-Scepticism, etc.","McDowell and Wright on Anti-Scepticism, etc.",,,,,,,275--297,275,,,,,,,,,,,,,,,,,,,english,false,,,byrne_a,,,1:skepticism
25261,article,byrne_a:2014a,,,2014,,Perception and Evidence,Perception and Evidence,,,,philosophical-studies,170,1,101--113,101,,,,,,,,,,,,,,,,,10.1007/s11098-013-0170-2,,english,false,,,byrne_a,,,1:perception
25262,incollection,byrne_a:2015,,,2015,,Skepticism about the Internal World,Skepticism about the Internal World,,,,,,,282--289,282,,,,,,,,,Reprinted in \citet{rosen_g-etal:2018},Reprinted in Rosen et al. (2018),,,,,,,,,english,false,,,byrne_a,,,1:skepticism
25263,article,byrne_a:2016,,,2016,,The Epistemic Significance of Experience,The Epistemic Significance of Experience,,,,philosophical-studies,173,4,947--967,947,,,,,,,,,,,,,,,,,10.1007/s11098-015-0537-7,,english,false,,,byrne_a,,,1:perception;2:perceptual_judgement;3:perceptual_justification
25264,article,byrne_a:2016a,,,2016,,Hill on Mind [on \citet{hill_cs:2014}],Hill on Mind [on Hill (2014)],,,,philosophical-studies,173,3,831--839,831,,,,,,,,,,,,,,,,,10.1007/s11098-015-0613-z,,english,false,,,byrne_a,,,
25265,book,byrne_a:2018,,,2018,,Transparency and Self-Knowledge,Transparency and Self-Knowledge,,,,,,,,,,,Oxford,,,oxford-university-press,,,,,,,,,,,10.1093/oso/9780198821618.001.0001,,english,false,,,byrne_a,,,1:knowledge;2:self_knowledge
25266,incollection,byrne_a:2019,,,2019,,Perception and Ordinary Objects,Perception and Ordinary Objects,,,,,,,6--26,6,,,,,,,,,,,,,,,,,,,english,false,,,byrne_a,,,1:ontology;2:particulars
25267,article,byrne_a:2019a,,,2019,,Schellenberg's Capacitism [on \citet{schellenberg_s:2018}],Schellenberg's Capacitism [on Schellenberg (2018)],,,,analysis,79,4,713--719,713,,,,,,,,,,,,,,,,,,,english,false,,,byrne_a,,,1:perception;2:object_of_perception
25268,article,byrne_a:2023,,,2023,,Philosophy’s No-Go Zone,Philosophy’s No-Go Zone,,,,philosophie-ch,,,,,,,,,,,,,,,,,,,,,,https://www.philosophie.ch/2023-05-01-byrne,english,false,,https://creativecommons.org/licenses/by/3.0/,byrne_a,,,
25269,incollection,byrne_a:2024,,,2024,,Introspection and Evidence,Introspection and Evidence,,,,,,,307--328,307,,,,,,,,,,,,,,,,,,,english,false,,,byrne_a,,,1:knowledge;2:self_knowledge;3:introspection
25270,article,byrne_c:1995,,,1995,,Prime Matter and Actuality,Prime Matter and Actuality,,,,journal-of-the-history-of-philosophy,33,2,197--224,197,,,,,,,,,,,,,,,,,,,english,false,,,byrne_c,,,1:ontology;2:matter;3:prime_matter
25271,article,byrne_c:2002,,,2002,,Aristotle on Physical Necessity and the Limits of Teleological Explanation,Aristotle on Physical Necessity and the Limits of Teleological Explanation,,,,apeiron,35,1,19--46,19,,,,,,,,,,,,,,,,,,,english,false,,,byrne_c,,,1:explanation;2:teleological_explanation
25272,incollection,byrne_c:2014,,,2014,,The Object of Aristotelian Induction: Formal Cause or Composite Individual?,The Object of Aristotelian Induction: Formal Cause or Composite Individual?,,,,,,,251--268,251,,,,,,,,,,,,,,,,,,,english,false,,,byrne_c,,,1:method;2:induction
25273,book,byrne_d-koelbel:2009,,,2009,,Arguing About Language,Arguing About Language,Arguing About Language,Arguing About Language,,,,,,,,,London,,,routledge,,,,,,,,,,,,,english,false,,,,byrne_d;koelbel,,1:language
25274,article,byrne_d:2000,,,2000,,Critical Notices: Horwich's Semantic Deflationism,Critical Notices: Horwich's Semantic Deflationism,,,,international-journal-of-philosophical-studies,8,3,371--391,371,,,,,,,,,,,,,,,,,,,english,false,,,byrne_d,,,1:truth;2:deflationism_about_truth
25275,article,byrne_d:2007,,,2007,,Critical Notice of \citet{casullo:2003},Critical Notice of Casullo (2003),,,,philosophical-books,48,3,241--251,241,,,,,,,,,,,,,,,,,,,english,false,,,byrne_d,,,1:epistemology;2:a_priori
25276,incollection,byrne_da-uprichard:2012,,,2012,,Useful Complex Causality,Useful Complex Causality,,,,,,,109--129,109,,,,,,,,,,,,,,,,,,,english,false,,,byrne_da;uprichard_e,,,1:causation
25277,article,byrne_e:1979,,,1979,,Technology and Human Existence,Technology and Human Existence,,,,the-southwestern-journal-of-philosophy,10,1,55--69,55,,,,,,,,,,,,,,,,,,,english,false,,,byrne_e,,,1:technology
25278,incollection,byrne_e:1986,,,1986,,Microelectronics and Workers' Rights,Microelectronics and Workers' Rights,,,,,,,205--216,205,,,,,,,,,,,,,,,,,,,english,false,,,byrne_e,,,1:technology
25279,article,byrne_j-portanger:2014,,,2014,,"Climate Change, Energy Policy and Justice:A Systematic Review","Climate Change, Energy Policy and Justice:A Systematic Review",,,,analyse-kritik,36,2,315--343,315,,,,,,,,,,,,,,,,,,,english,false,,,byrne_j;portanger_c,,,1:political_philosophy;2:climate_change
25280,incollection,byrne_jp:2018,,,2018,,Epidemic,Epidemic,,,,,,,521--530,521,,,,,,,,,,,,,,,,,,,english,false,,,byrne_jp,,,1:time;2:death
25281,book,byrne_p:1992,,,1992,,The Philosophical and Theological Foundations of Ethics: An Introduction to Moral Theory and its Relation to Religious Belief,The Philosophical and Theological Foundations of Ethics: An Introduction to Moral Theory and its Relation to Religious Belief,,,,,,,,,,,London,,,mac-millan-publishing-co,,,,,,,,,,,,,english,false,,,byrne_p,,,1:ethics
25282,book,byrne_p:1995,,,1995,,Prolegomena to Religious Pluralism: Reference and Realism in Religion,Prolegomena to Religious Pluralism: Reference and Realism in Religion,,,,,,,,,,,London,,,mac-millan-publishing-co,,,,,,,,,,,,,english,false,,,byrne_p,,,1:religion;2:religious_pluralism
25283,article,byrne_p:1995a,,,1995,,"Omnipotence, Feminism and God","Omnipotence, Feminism and God",,,,international-journal-for-philosophy-of-religion,37,3,145--165,145,,,,,,,,,,,,,,,,,,,english,false,,,byrne_p,,,1:religion;2:divine_attributes;3:divine_omnipotence
25284,incollection,byrne_p:2000,,,2000,,Response [to \citet{houston_j:2000}],Response [to Houston (2000)],,,,,,,63--70,63,,,,,,,,,,,,,,,,,,,english,false,,,byrne_p,,,1:religion;2:religious_language;3:divine_names
25285,incollection,byrne_p:2004a,,,2004,,It Is Not Reasonable to Believe that Only One Religion is True,It Is Not Reasonable to Believe that Only One Religion is True,,,,,,,201--210,201,,,,,,,,,,,,,,,,,,,english,false,,,byrne_p,,,1:religion;2:religious_pluralism
25286,book,byrne_p:2007,,,2007,,Kant on God,Kant on God,,,,,,,,,,ashgate_studies_in_the_history_of_philosophical_theology,"Farnham, Surrey",,,ashgate,,,,,,,,,,,,,english,false,,,byrne_p,,,1:religion;2:god
25287,incollection,byrne_p:2008,,,2008,,Helm's God and the Authorship of Sin,Helm's God and the Authorship of Sin,,,,,,,193--204,193,,,,,,,,,,,,,,,,,,,english,false,,,byrne_p,,,1:religion;2:heaven_and_hell;3:sin
25288,incollection,byrne_p:2009,,,2009,,The Deists,The Deists,,,,,,,211--222,211,,,,,,,,,,,,,,,,,,,english,false,,,byrne_p,,,1:religion
25289,incollection,byrne_p:2010,,,2010,,"Everett and Wheeler, the Untold Story","Everett and Wheeler, the Untold Story",,,,,,,521--541,521,,,,,,,,,,,,,,,,,,,english,false,,,byrne_p,,,1:quantum_mechanics;2:many_worlds_interpretation
25290,incollection,byrne_p:2011,,,2011,,"Religious Tolerance, Diversity, and Pluralism","Religious Tolerance, Diversity, and Pluralism",,,,,,,287--309,287,,,,,,,,,,,,,,,,,,,english,false,,,byrne_p,,,1:religion;2:religious_pluralism;3:religious_tolerance
25291,article,byrne_p:2011a,,,2011,,Reidianism in Contemporary English-Speaking Religious Epistemology,Reidianism in Contemporary English-Speaking Religious Epistemology,,,,european-journal-for-philosophy-of-religion,3,2,267--284,267,,,,,,,,,,,,,,,,,,,english,false,,,byrne_p,,,1:religion;2:epistemology_of_religion
25292,incollection,byrne_p:2013,,,2013,,Theology and Religious Language,Theology and Religious Language,,,,,,,581--591,581,,,,,,,,,,,,,,,,,,,english,false,,,byrne_p,,,1:religion
25293,article,byrne_ph:1980,,,1980,,The Significance of Einstein's Use of the History of Science,The Significance of Einstein's Use of the History of Science,,,,dialectica,34,4,263--276,263,,,,,,,,,,,,,,,,,10.1111/j.1746-8361.1980.tb00778.x,,english,false,,,byrne_ph,,,1:science
25294,article,byrne_ph:1995,,,1995,,Commentary on \citet{mckirahan:1995},Commentary on,,,,proceedings-of-the-boston-area-colloquium-in-ancient-philosophy,11,,298--306,298,,,,,,,,,,,,,,,,,,,english,false,,,byrne_ph,,,2:substance
25295,article,byrne_ph:2002,,,2002,,Lonergan's Retrieval of Aristotelian Form,Lonergan's Retrieval of Aristotelian Form,,,,american-catholic-philosophical-quarterly,76,3,371--392,371,,,,,,,,,,,,,,,,,,,english,false,,,byrne_ph,,,1:complexity;2:hylomorphism
25296,article,byrne_ph:2007,,,2007,,The Goodness of Being in Lonergan's \emph{Insight},The Goodness of Being in Lonergan's Insight,,,,american-catholic-philosophical-quarterly,81,1,43--72,43,,,,,,,,,,,,,,,,,,,english,false,,,byrne_ph,,,2:the_good
25297,incollection,byrne_r-etal:1999,,,1999,,The Psychology of Counterfactual Conditionals,The Psychology of Counterfactual Conditionals,,,,,,,63--78,63,,,,,,,,,,,,,,,,,,,english,false,,,byrne_r;tasso_a;thompson_v,,,1:modality;2:counterfactuals
25298,book,byrne_r:2005,,,2005,,The Rational Imagination: How People Create Alternatives to Reality,The Rational Imagination: How People Create Alternatives to Reality,,,,,,,,,,,"Cambridge, Massachusetts",,,the-mit-press,,,,,,,,,,,10.7551/mitpress/5756.001.0001,,english,false,,,byrne_r,,,
25299,incollection,byrne_r:2011,,,2011,,Counterfactual and Causal Thoughts about Exceptional Events,Counterfactual and Causal Thoughts about Exceptional Events,,,,,,,208--229,208,,,,,,,,,,,,,,,,,,,english,false,,,byrne_r,,,1:causation;2:counterfactual_theories_of_causation
25300,incollection,byrne_r:2016,,,2016,,Imagination and Rationality,Imagination and Rationality,,,,,,,339--351,339,,,,,,,,,,,,,,,,,,,english,false,,,byrne_r,,,2:imagination
25301,incollection,byrne_r:2018,,,2018,,Counterfactual Reasoning and Imagination,Counterfactual Reasoning and Imagination,,,,,,,71--87,71,,,,,,,,,,,,,,,,,,,english,false,,,byrne_r,,,2:imagination
25302,article,byrne_t:2016,,,2016,,Might Anything Be Plain Good?,Might Anything Be Plain Good?,,,,philosophical-studies,173,12,3335--3346,3335,,,,,,,,,,,,,,,,,10.1007/s11098-016-0673-8,,english,false,,,byrne_t,,,2:the_good
25303,article,byrne_t:2019,,,2019,,Husserl's Early Genealogy of the Number System,Husserl's Early Genealogy of the Number System,,,,meta-research-in-hermeneutics-phenomenology-and-practical-philosophy,2,11,408--428,408,,,,,,,,,,,,,,,,,,,english,false,,,byrne_t,,,1:mathematics;2:nature_of_number;3:ontology_of_numbers
25304,article,byrne_t:2021,,,2021,,\textsc{Making} Metaphysics,Making Metaphysics,,,,philosophers-imprint,21,20,,,,,,,,,,,,,,,,,,http://hdl.handle.net/2027/spo.3521354.0021.020,,http://hdl.handle.net/2027/spo.3521354.0021.020,english,false,,,byrne_t,,,1:truth;2:truthmakers;3:making
25305,incollection,byrnes_h:2002,,,2002,,"The Dialogism of Meaning, the Discursive Embeddedness of Knowledge, the Colloquy of Being","The Dialogism of Meaning, the Discursive Embeddedness of Knowledge, the Colloquy of Being",,,,,,,411--422,411,,,,,,,,,,,,,,,,,,,english,false,,,byrnes_h,,,1:ontology;2:being
25306,article,byron_dk:2001,,,2001,,The Uncommon Denominator: A Proposal for Consistent Reporting of Pronoun Resolution Results,The Uncommon Denominator: A Proposal for Consistent Reporting of Pronoun Resolution Results,,,,computational-linguistics,27,4,569--577,569,,,,,,,,,,,,,,,,,,,english,false,,,byron_dk,,,1:reference;2:anaphora
25307,article,byron_m:2012,,,2012,,Evidentiary Fallacies and Empirical Data,Evidentiary Fallacies and Empirical Data,,,,american-philosophical-quarterly,49,2,175--182,175,,,,,,,,,,,,,,,,,,,english,false,,,byron_m,,,1:epistemology;2:justification
25308,incollection,bystedmoller-moller:2015,,,2015,,Technology and Sport,Technology and Sport,,,,,,,426--438,426,,,,,,,,,,,,,,,,,,,english,false,,,bystedmoller;moller,,,1:technology
25309,incollection,bystrom:2012,,,2012,,Literature and Human Rights,Literature and Human Rights,,,,,,,637--646,637,,,,,,,,,,,,,,,,,,,english,false,,,bystrom,,,1:political_philosophy;2:rights;3:human_rights
25310,book,bystrov-sadovsky:1996,,,1996,,Philosophical Logic and Logical Philosophy: Essays in Honour of Vladimir A.~Smirnov,Philosophical Logic and Logical Philosophy: Essays in Honour of Vladimir A. Smirnov,Philosophical Logic and Logical Philosophy: Essays in Honour of Vladimir A.~Smirnov,Philosophical Logic and Logical Philosophy: Essays in Honour of Vladimir A. Smirnov,,,,257,,,,synthese_library,Dordrecht,,,kluwer-academic-publishers,,,,,,,,,,,,,english,false,,,,bystrov;sadovsky,,1:science
25311,incollection,bystrov:1996,,,1996,,Non-Standard Sequent Calculi for Modal and Relevant Logics,Non-Standard Sequent Calculi for Modal and Relevant Logics,,,,,,,235--256,235,,,,,,,,,,,,,,,,,,,english,false,,,bystrov,,,1:logic;2:modal_logic
