bibkey,author_key,role,position,name_variant_latex,name_variant_unicode
spaak_t-mindus:2021,spaak_t,editor,0,,
spaak_t-mindus:2021,mindus_p,editor,1,,
spaak_t:2020,spaak_t,author,0,,
spaan_e:1990,spaan_e,author,0,,
spaan_e:1993,spaan_e,author,0,,
spaan_m:1990,spaan_m,author,0,,
spackman:2002,spackman,author,0,,
spackman:2013,spackman,author,0,,
spadafora_a:1999,spadafora_a,author,0,,
spade_d-willse:2016,spade_d,author,0,,
spade_d-willse:2016,willse_c,author,1,,
spade_pv-wilson:1995,spade_pv,author,0,,
spade_pv-wilson:1995,wilson_ga,author,1,,
spade_pv:1971,spade_pv,author,0,,
spade_pv:1972,spade_pv,author,0,,
spade_pv:1973,spade_pv,author,0,,
spade_pv:1973a,spade_pv,author,0,,
spade_pv:1975,spade_pv,author,0,,
spade_pv:1975a,spade_pv,author,0,,
spade_pv:1975c,spade_pv,author,0,,
spade_pv:1975e,spade_pv,author,0,,
spade_pv:1976,spade_pv,author,0,,
spade_pv:1976b,spade_pv,author,0,,
spade_pv:1976c,spade_pv,author,0,,
spade_pv:1976d,spade_pv,author,0,,
spade_pv:1977,spade_pv,author,0,,
spade_pv:1979,spade_pv,author,0,,
spade_pv:1981,spade_pv,author,0,,
spade_pv:1982,spade_pv,author,0,,
spade_pv:1982a,spade_pv,author,0,,
spade_pv:1982b,spade_pv,author,0,,
spade_pv:1982c,spade_pv,author,0,,
spade_pv:1982d,spade_pv,author,0,,
spade_pv:1983,spade_pv,author,0,,
spade_pv:1984,spade_pv,author,0,,
spade_pv:1987,spade_pv,author,0,,
spade_pv:1988,spade_pv,author,0,,
spade_pv:1992,spade_pv,author,0,,
spade_pv:1994,spade_pv,author,0,,
spade_pv:1996,spade_pv,author,0,,
spade_pv:1997,spade_pv,author,0,,
spade_pv:1998,spade_pv,author,0,,
spade_pv:2002,spade_pv,author,0,,
spade_pv:2005,spade_pv,author,0,,
spade_pv:2010,spade_pv,author,0,,
spader_ph:2002,spader_ph,author,0,,
spaemann:1972,spaemann,author,0,,
spaemann:1974,spaemann,author,0,,
spaemann:1983,spaemann,author,0,,
spaemann:1987,spaemann,author,0,,
spaemann:1988,spaemann,author,0,,
spaemann:1997,spaemann,author,0,,
spaemann:2008,spaemann,author,0,,
spaeni_p:1943,spaeni_p,author,0,,
spaet:2006,spaet,author,0,,
spaet:2008,spaet,editor,0,,
spaet:2009,spaet,author,0,,
spafford_eu:1995,spafford_eu,author,0,,
spafford_j:2021,spafford_j,author,0,,
spafford_j:2023,spafford_j,author,0,,
spahn_c:1998,spahn_c,author,0,,
spahn_h:2011,spahn_h,author,0,,
spaid_s:2013,spaid_s,author,0,,
spalding:1908,spalding,author,0,,
spalding:1924,spalding,author,0,,
spalding:1952,spalding,author,0,,
spalitta_l:2021,spalitta_l,author,0,,
spallanzani:1999,spallanzani,author,0,,
spallanzani:2000,spallanzani,author,0,,
spallanzani:2000a,spallanzani,author,0,,
spallanzani:2000b,spallanzani,author,0,,
spallanzani:2015,spallanzani,author,0,,
spallanzani:2018,spallanzani,author,0,,
spanca_l:2017,spanca_l,author,0,,
spangler_ga:1976,spangler_ga,author,0,,
spangler_m:1981,spangler_m,author,0,,
spann_a-wehinger:2014,spann_a,editor,0,,
spann_a-wehinger:2014,wehinger_d,editor,1,,
spann_a-wehinger:2014a,spann_a,author,0,,
spann_a-wehinger:2014a,wehinger_d,author,1,,
spann_a:2014,spann_a,author,0,,
spannaus:2016,spannaus,author,0,,
spanneut:1994,spanneut,author,0,,
spanopulo-zakharov:1998,spanopulo,author,0,,
spanopulo-zakharov:1998,zakharov_va,author,1,,
spanos_a-mayo:2015,spanos_a,author,0,,
spanos_a-mayo:2015,mayo_dg,author,1,,
spanos_a:2012,spanos_a,author,0,,
spanos_a:2013,spanos_a,author,0,,
spanos_a:2021,spanos_a,author,0,,
spanos_np:1991,spanos_np,author,0,,
sparber:2005,sparber,author,0,,
sparber:2006,sparber,author,0,,
sparber:2007,sparber,author,0,,
sparber:2008,sparber,author,0,,
sparber:2009,sparber,author,0,,
sparby_t:2015,sparby_t,author,0,,
sparby_t:2015a,sparby_t,author,0,,
sparckjones-etal:2000,sparckjones,editor,0,,
sparckjones-etal:2000,gazdar,editor,1,,
sparckjones-etal:2000,needham_rm,editor,2,,
sparckjones-galliers:1995,sparckjones,author,0,,
sparckjones-galliers:1995,galliers,author,1,,
sparckjones:1989,sparckjones,author,0,,
sparckjones:1989a,sparckjones,author,0,,
sparckjones:1990,sparckjones,author,0,,
sparckjones:1991,sparckjones,author,0,,
sparckjones:1994,sparckjones,author,0,,
sparckjones:1999,sparckjones,author,0,,
sparckjones:2007,sparckjones,author,0,,
sparke_m:2016,sparke_m,author,0,,
sparkes:1976,sparkes,author,0,,
sparks_j:2019,sparks_j,author,0,,
sparks_kl:2016,sparks_kl,author,0,,
sparrow_mf:1991,sparrow_mf,author,0,,
sparrow_r:2011,sparrow_r,author,0,,
sparrow_r:2013,sparrow_r,author,0,,
sparrow_t:2014,sparrow_t,author,0,,
sparshott:1961,sparshott,author,0,,
sparshott:1970,sparshott,author,0,,
sparshott:1971,sparshott,author,0,,
sparshott:1971a,sparshott,author,0,,
sparshott:1975,sparshott,author,0,,
sparshott:1981,sparshott,author,0,,
sparshott:1981a,sparshott,author,0,,
sparshott:1983,margolis_j,guesteditor,0,,
sparshott:1983,sparshott,author,0,,
sparshott:1985,sparshott,author,0,,
sparshott:1987,sparshott,author,0,,
sparshott:1988,sparshott,author,0,,
sparshott:1994,sparshott,author,0,,
sparshott:2004,sparshott,author,0,,
spash:1994,spash,author,0,,
spassov_d:1965,spassov_d,author,0,,
spassov_s:1992,spassov_s,author,0,,
spassov_s:1998,spassov_s,author,0,,
spassov_s:1999,spassov_s,author,0,,
spassov_s:2000,spassov_s,author,0,,
spassow_d:1977,spassow_d,author,0,,
spatzwidom-newman:1985,spatzwidom,author,0,,
spatzwidom-newman:1985,newman_jp,author,1,,
spaulding_eg:1911,spaulding_eg,author,0,,
spaulding_eg:1911a,spaulding_eg,author,0,,
spaulding_eg:1911b,spaulding_eg,author,0,,
spaulding_eg:1912,spaulding_eg,author,0,,
spaulding_eg:1916,spaulding_eg,author,0,,
spaulding_eg:1929,spaulding_eg,author,0,,
spaulding_eg:1938,spaulding_eg,author,0,,
spaulding_s:2011,spaulding_s,author,0,,
spaulding_s:2012,spaulding_s,author,0,,
spaulding_s:2014,spaulding_s,author,0,,
spaulding_s:2015,spaulding_s,author,0,,
spaulding_s:2015a,spaulding_s,author,0,,
spaulding_s:2016,spaulding_s,author,0,,
spaulding_s:2016a,spaulding_s,author,0,,
spaulding_s:2016b,spaulding_s,author,0,,
spaulding_s:2017,spaulding_s,author,0,,
spaulding_s:2017a,spaulding_s,author,0,,
spaulding_s:2018,spaulding_s,author,0,,
spaulding_s:2020,spaulding_s,author,0,,
speak:2002,speak,author,0,,
speak:2004,speak,author,0,,
speak:2005,speak,author,0,,
speak:2005a,speak,author,0,,
speak:2007,speak,author,0,,
speak:2011,speak,author,0,,
speak:2013,speak,author,0,,
speak:2014,speak,author,0,,
speaks:2005,speaks,author,0,,
speaks:2006,speaks,author,0,,
speaks:2009a,speaks,author,0,,
speaks:2010,speaks,author,0,,
speaks:2010a,speaks,author,0,,
speaks:2010b,speaks,author,0,,
speaks:2010c,speaks,author,0,,
speaks:2010d,speaks,author,0,,
speaks:2011,speaks,author,0,,
speaks:2013,speaks,author,0,,
speaks:2014a,speaks,author,0,,
speaks:2014b,speaks,author,0,,
speaks:2014c,speaks,author,0,,
speaks:2015,speaks,author,0,,
speaks:2016,speaks,author,0,,
speaks:2017,speaks,author,0,,
speaks:2018,speaks,author,0,,
spear:2013,spear,author,0,,
spear:2016,spear,author,0,,
spearman:1907,spearman,author,0,,
speca_a:2001,speca_a,author,0,,
specht_a:2014,specht_a,author,0,,
specht_a:2014a,specht_a,author,0,,
specht_ek:1952,specht_ek,author,0,,
specht_ek:1960,specht_ek,author,0,,
specht_ek:1964,specht_ek,author,0,,
specht_ek:1972,specht_ek,author,0,,
specht_r:1971,specht_r,author,0,,
specht_r:1972,specht_r,author,0,,
specht_r:1972a,specht_r,author,0,,
specht_r:1973,specht_r,author,0,,
specht_r:1977,specht_r,author,0,,
specht_r:1977a,specht_r,author,0,,
specht_r:1987,specht_r,author,0,,
specht_r:1991,specht_r,author,0,,
specht_r:1993,specht_r,author,0,,
specht_r:1997,specht_r,author,0,,
specht_r:1997a,specht_r,author,0,,
specht_r:1997b,specht_r,author,0,,
specht_r:2001,specht_r,author,0,,
specht_r:2002,specht_r,editor,0,,
specht_r:2009,specht_r,author,0,,
specht_r:2011,specht_r,author,0,,
specia_l-etal:2017,specia_l,editor,0,,
specia_l-etal:2017,post_m,editor,1,,
specia_l-etal:2017,paul_mi,editor,2,,
speck_j:1972,speck_j,editor,0,,
speck_j:1980,speck_j,editor,0,,
speck_wa:1975,speck_wa,author,0,,
specker_e:1953,specker_e,author,0,,
specker_e:1954,specker_e,author,0,,
specker_e:1954a,specker_e,author,0,,
specker_e:1957,specker_e,author,0,,
specker_e:1958,specker_e,author,0,,
specker_e:1960,specker_e,author,0,,
specker_e:1962,specker_e,author,0,,
specker_e:1978,specker_e,author,0,,
specker_e:1979,specker_e,author,0,,
specker_e:1985,specker_e,author,0,,
specker_e:1988,specker_e,author,0,,
specker_e:1990,specker_e,author,0,,
specker_e:2001,specker_e,author,0,,
specter:2017,specter,author,0,,
spector_b-egre:2015,spector_b,author,0,,
spector_b-egre:2015,egre,author,1,,
spector_c:2022,spector_c,author,0,,
spector_d:2013,spector_d,author,0,,
spector_h:1995,spector_h,author,0,,
spector_h:2013,spector_h,author,0,,
spector_j:2003,spector_j,author,0,,
spector_l-etal:1990,spector_l,author,0,,
spector_l-etal:1990,hendler_ja,author,1,,
spector_l-etal:1990,evett,author,2,,
spector_l-hendler:1987,spector_l,author,0,,
spector_l-hendler:1987,hendler_ja,author,1,,
spector_ti:2003,spector_ti,author,0,,
speed:2007,speed,author,0,,
speedhill:2008,speedhill,author,0,,
speer-guldentops:2014,speer,editor,0,,
speer-guldentops:2014,guldentops,editor,1,,
speer-jeschke:2016,speer,editor,0,,
speer-jeschke:2016,jeschke,editor,1,,
speer-mauriege:2018,speer,editor,0,,
speer-mauriege:2018,mauriege_m,editor,1,,
speer-steinkrueger:2012,speer,editor,0,,
speer-steinkrueger:2012,steinkrueger,editor,1,,
speer-wegener:2006,speer,editor,0,,
speer-wegener:2006,wegener_l,editor,1,,
speer-wirmer:2008,speer,editor,0,,
speer-wirmer:2008,wirmer,editor,1,,
speer-wirmer:2010,speer,editor,0,,
speer-wirmer:2010,wirmer,editor,1,,
speer:1994,speer,author,0,,
speer:1995,speer,editor,0,,
speer:1995a,speer,author,0,,
speer:1995b,speer,author,0,,
speer:1996,speer,author,0,,
speer:1997,speer,author,0,,
speer:2000,speer,author,0,,
speer:2000a,speer,author,0,,
speer:2003,speer,author,0,,
speer:2011a,speer,author,0,,
speer:2011b,speer,author,0,,
speer:2012,speer,author,0,,
speer:2013,speer,editor,0,,
speer:2014,speer,author,0,,
speer:2018,speer,author,0,,
speier_h:1954,speier_h,author,0,,
speight_ca:1997,speight_ca,author,0,,
speight_ca:2001,speight_ca,author,0,,
speight_ca:2008,speight_ca,author,0,,
speight_ca:2009,speight_ca,author,0,,
speight_ca:2010,speight_ca,author,0,,
speight_ca:2011,speight_ca,author,0,,
speight_ca:2014,speight_ca,author,0,,
speight_ca:2014a,speight_ca,author,0,,
speight_ca:2016,speight_ca,author,0,,
speight_ca:2018,speight_ca,author,0,,
speight_ca:2018a,speight_ca,author,0,,
speight_ca:2019,speight_ca,author,0,,
speight_jg:2016,speight_jg,author,0,,
speiser:1952,speiser,author,0,,
spelke-tsivkin:2001,spelke,author,0,,
spelke-tsivkin:2001,tsivkin_s,author,1,,
spelke:1990,spelke,author,0,,
speller:1984,speller,author,0,,
spellman:1981,spellman,author,0,,
spellman:1990,spellman,author,0,,
spellman:1993,spellman,author,0,,
spelman:1983,spelman,author,0,,
spelman:1988,spelman,author,0,,
spelman:1994,spelman,author,0,,
spelman:2016,spelman,author,0,,
spenader:2003,spenader,author,0,,
spence_c-bayne:2014,spence_c,author,0,,
spence_c-bayne:2014,bayne_tm,author,1,,
spence_c-deroy:2013,spence_c,author,0,,
spence_c-deroy:2013,deroy,author,1,,
spence_c-etal:2014,spence_c,author,0,,
spence_c-etal:2014,auvray,author,1,,
spence_c-etal:2014,smith_ba,author,2,,
spence_c:2011,spence_c,author,0,,
spence_dp-holland:1962,spence_dp,author,0,,
spence_dp-holland:1962,holland_b,author,1,,
spence_gb-grant:2013,spence_gb,author,0,,
spence_gb-grant:2013,grant_am,author,1,,
spence_gb-green:2013,spence_gb,author,0,,
spence_gb-green:2013,green_su,author,1,,
spence_sa:1996,spence_sa,author,0,,
spence_si:2023,spence_si,author,0,,
spencer_a:1991,spencer_a,author,0,,
spencer_ag:1909,spencer_ag,author,0,,
spencer_ar:2019,spencer_ar,author,0,,
spencer_c:2006,spencer_c,author,0,,
spencer_c:2006a,spencer_c,author,0,,
spencer_c:2007,spencer_c,author,0,,
spencer_d:2016,spencer_d,author,0,,
spencer_da:2022,spencer_da,author,0,,
spencer_dc:2017,spencer_dc,author,0,,
spencer_h:2004,spencer_h,author,0,,
spencer_j:2010,spencer_j,author,0,,
spencer_j:2012,spencer_j,author,0,,
spencer_j:2012a,spencer_j,author,0,,
spencer_j:2013,spencer_j,author,0,,
spencer_j:2013a,spencer_j,author,0,,
spencer_j:2013b,spencer_j,author,0,,
spencer_j:2014,spencer_j,author,0,,
spencer_j:2016,spencer_j,author,0,,
spencer_j:2016a,spencer_j,author,0,,
spencer_j:2017,spencer_j,author,0,,
spencer_ja:2016,spencer_ja,author,0,,
spencer_ja:2016a,spencer_ja,author,0,,
spencer_ja:2017,spencer_ja,author,0,,
spencer_ja:2022,spencer_ja,author,0,,
spencer_jan:2004,spencer_jan,author,0,,
spencer_jo:2001,spencer_jo,author,0,,
spencer_l:2001,spencer_l,author,0,,
spencer_m:1971,spencer_m,author,0,,
spencer_mg:2003,spencer_mg,author,0,,
spencer_mk:2010,spencer_mk,author,0,,
spencer_mk:2016,spencer_mk,author,0,,
spencer_mk:2017,spencer_mk,author,0,,
spencer_q:2012,spencer_q,author,0,,
spencer_q:2018,spencer_q,author,0,,
spencer_q:2018a,spencer_q,author,0,,
spencer_q:2018b,spencer_q,author,0,,
spencer_w:1930,spencer_w,author,0,,
spencersmith-torrance_sb:1992,spencersmith,editor,0,,
spencersmith-torrance_sb:1992,torrance_sb,editor,1,,
spencersmith:1995,spencersmith,author,0,,
spender:1947,spender,editor,0,,
spener:2012,spener,author,0,,
spener:2013,spener,author,0,,
spener:2015,spener,author,0,,
spener:2020,spener,author,0,,
sperantia:1936,sperantia,author,0,,
speranza-horn:2010,speranza,author,0,,
speranza-horn:2010,horn_lr,author,1,,
sperber_d-etal:1995,sperber_d,author,0,,
sperber_d-etal:1995,premack_d,author,1,,
sperber_d-etal:1995,premack_aj,author,2,,
sperber_d-mercier:2012,sperber_d,author,0,,
sperber_d-mercier:2012,mercier_h,author,1,,
sperber_d-wilson:1982,sperber_d,author,0,,
sperber_d-wilson:1982,wilson_d,author,1,,
sperber_d-wilson:1986,sperber_d,author,0,,
sperber_d-wilson:1986,wilson_d,author,1,,
sperber_d-wilson:1986a,sperber_d,author,0,,
sperber_d-wilson:1986a,wilson_d,author,1,,
sperber_d-wilson:1987,sperber_d,author,0,,
sperber_d-wilson:1987,wilson_d,author,1,,
sperber_d-wilson:1988,sperber_d,author,0,,
sperber_d-wilson:1988,wilson_d,author,1,,
sperber_d-wilson:1988a,sperber_d,author,0,,
sperber_d-wilson:1988a,wilson_d,author,1,,
sperber_d-wilson:1990,sperber_d,author,0,,
sperber_d-wilson:1990,wilson_d,author,1,,
sperber_d-wilson:1995,sperber_d,author,0,,
sperber_d-wilson:1995,wilson_d,author,1,,
sperber_d-wilson:1998,sperber_d,author,0,,
sperber_d-wilson:1998,wilson_d,author,1,,
sperber_d-wilson:1998a,sperber_d,author,0,,
sperber_d-wilson:1998a,wilson_d,author,1,,
sperber_d-wilson:2005,sperber_d,author,0,,
sperber_d-wilson:2005,wilson_d,author,1,,
sperber_d:1974,sperber_d,author,0,,
sperber_d:1975,sperber_d,author,0,,
sperber_d:1982,sperber_d,author,0,,
sperber_d:1986,sperber_d,author,0,,
sperber_d:1993,sperber_d,author,0,,
sperber_d:1994,sperber_d,author,0,,
sperber_d:1995,sperber_d,author,0,,
sperber_d:1997,sperber_d,author,0,,
sperber_d:1997a,sperber_d,author,0,,
sperber_d:1997b,sperber_d,author,0,,
sperber_d:1999,sperber_d,author,0,,
sperber_d:1999a,sperber_d,author,0,,
sperber_d:1999b,sperber_d,author,0,,
sperber_d:2000,sperber_d,editor,0,,
sperber_d:2000a,sperber_d,author,0,,
sperber_d:2000b,sperber_d,author,0,,
sperber_d:2000c,sperber_d,author,0,,
sperber_d:2000d,sperber_d,author,0,,
sperber_d:2001,sperber_d,author,0,,
sperber_d:2005,sperber_d,author,0,,
sperber_d:2007,sperber_d,author,0,,
sperber_d:2009,sperber_d,author,0,,
sperber_d:2010,sperber_d,author,0,,
sperber_d:2013,sperber_d,author,0,,
sperber_p:2017,sperber_p,author,0,,
sperbergmcqueen:1994,sperbergmcqueen,author,0,,
sperduto_d:1993,sperduto_d,author,0,,
sperduto_d:1998,sperduto_d,author,0,,
sperling_d:2019,sperling_d,author,0,,
sperling_g:1960,sperling_g,author,0,,
sperling_l:2013,sperling_l,author,0,,
sperling_v:1984,sperling_v,editor,0,,
sperry_e:2020,sperry_e,author,0,,
sperry_r-etal:1979,sperry_r,author,0,,
sperry_r-etal:1979,zaidel_e,author,1,,
sperry_r-etal:1979,zaidel_dw,author,2,,
sperry_r:1966,sperry_r,author,0,,
sperry_r:1968,sperry_r,author,0,,
sperry_r:1969,sperry_r,author,0,,
sperry_r:1976,sperry_r,author,0,,
sperry_r:1977,sperry_r,author,0,,
sperry_r:1980,sperry_r,author,0,,
sperry_r:1982,sperry_r,author,0,,
sperry_r:1984,sperry_r,author,0,,
sperry_r:1987,sperry_r,author,0,,
sperry_r:1991,sperry_r,author,0,,
sperry_r:1992,sperry_r,author,0,,
sperry_r:1995,sperry_r,author,0,,
sperrytaylor:2011,sperrytaylor,author,0,,
sperschneider-antoniou:1991,sperschneider,author,0,,
sperschneider-antoniou:1991,antoniou,author,1,,
spevack:2016,spevack,author,0,,
speziale_f:2018,speziale_f,author,0,,
spezio-adolphs:2009,spezio,author,0,,
spezio-adolphs:2009,adolphs_r,author,1,,
spicer_a:2014,spicer_a,author,0,,
spicer_f:2004,spicer_f,author,0,,
spicer_f:2006,spicer_f,author,0,,
spicer_f:2008,spicer_f,author,0,,
spicer_f:2009,spicer_f,author,0,,
spicer_f:2010a,spicer_f,author,0,,
spicher_mr:2013,spicher_mr,author,0,,
spicher_t:1993,spicher_t,author,0,,
spicker:1970,spicker,editor,0,,
spicker:1977,spicker,author,0,,
spicker:1978,spicker,editor,0,,
spicker:1978a,spicker,author,0,,
spiegel_hw:1991,spiegel_hw,author,0,,
spiegel_hw:1991a,spiegel_hw,author,0,,
spiegel_i:2017,spiegel_i,author,0,,
spiegel_i:2020,spiegel_i,author,0,,
spiegel_i:2021,spiegel_i,author,0,,
spiegel_js:2017,spiegel_js,author,0,,
spiegel_js:2017a,spiegel_js,author,0,,
spiegel_mr:1975,spiegel_mr,author,0,,
spiegelberg-geiger:1943,spiegelberg,author,0,,
spiegelberg-geiger:1943,geiger_m,author,1,,
spiegelberg-murray:1972,spiegelberg,author,0,,
spiegelberg-murray:1972,murray_el,author,1,,
spiegelberg:1930,spiegelberg,author,0,,
spiegelberg:1935,spiegelberg,author,0,,
spiegelberg:1935a,spiegelberg,author,0,,
spiegelberg:1938,spiegelberg,author,0,,
spiegelberg:1940,spiegelberg,author,0,,
spiegelberg:1940a,spiegelberg,author,0,,
spiegelberg:1941,spiegelberg,author,0,,
spiegelberg:1944,spiegelberg,author,0,,
spiegelberg:1946,spiegelberg,author,0,,
spiegelberg:1947,spiegelberg,author,0,,
spiegelberg:1951,spiegelberg,author,0,,
spiegelberg:1956,spiegelberg,author,0,,
spiegelberg:1958,spiegelberg,author,0,,
spiegelberg:1959,spiegelberg,author,0,,
spiegelberg:1960,spiegelberg,author,0,,
spiegelberg:1960a,spiegelberg,author,0,,
spiegelberg:1961,spiegelberg,author,0,,
spiegelberg:1961a,spiegelberg,author,0,,
spiegelberg:1963a,spiegelberg,author,0,,
spiegelberg:1964,spiegelberg,author,0,,
spiegelberg:1964a,spiegelberg,author,0,,
spiegelberg:1965,spiegelberg,author,0,,
spiegelberg:1965a,spiegelberg,author,0,,
spiegelberg:1965b,spiegelberg,author,0,,
spiegelberg:1965c,spiegelberg,author,0,,
spiegelberg:1965d,spiegelberg,author,0,,
spiegelberg:1966,spiegelberg,author,0,,
spiegelberg:1967,spiegelberg,author,0,,
spiegelberg:1967a,spiegelberg,author,0,,
spiegelberg:1967b,spiegelberg,author,0,,
spiegelberg:1968,spiegelberg,author,0,,
spiegelberg:1968a,spiegelberg,author,0,,
spiegelberg:1969,spiegelberg,author,0,,
spiegelberg:1970,spiegelberg,author,0,,
spiegelberg:1971,spiegelberg,author,0,,
spiegelberg:1971a,spiegelberg,author,0,,
spiegelberg:1971b,spiegelberg,author,0,,
spiegelberg:1972,spiegelberg,author,0,,
spiegelberg:1973,spiegelberg,author,0,,
spiegelberg:1973a,spiegelberg,author,0,,
spiegelberg:1974,spiegelberg,author,0,,
spiegelberg:1974b,spiegelberg,author,0,,
spiegelberg:1974c,spiegelberg,author,0,,
spiegelberg:1975,spiegelberg,author,0,,
spiegelberg:1975a,spiegelberg,author,0,,
spiegelberg:1975b,spiegelberg,author,0,,
spiegelberg:1975c,spiegelberg,author,0,,
spiegelberg:1976,spiegelberg,author,0,,
spiegelberg:1977,spiegelberg,author,0,,
spiegelberg:1977a,spiegelberg,author,0,,
spiegelberg:1978,spiegelberg,author,0,,
spiegelberg:1978a,spiegelberg,author,0,,
spiegelberg:1980,spiegelberg,author,0,,
spiegelberg:1980a,spiegelberg,author,0,,
spiegelberg:1981,spiegelberg,author,0,,
spiegelberg:1981b,spiegelberg,author,0,,
spiegelberg:1983,spiegelberg,author,0,,
spiegelberg:1984,spiegelberg,author,0,,
spiegelberg:1985,spiegelberg,author,0,,
spiegelberg:1986,spiegelberg,author,0,,
spiegelberg:1986a,spiegelberg,author,0,,
spiegelberg:1986b,spiegelberg,author,0,,
spiegelberg:1986c,spiegelberg,author,0,,
spiegelberg:1986d,spiegelberg,author,0,,
spiegelberg:1986e,spiegelberg,author,0,,
spiegelberg:1989,spiegelberg,author,0,,
spiegelberg:1989a,spiegelberg,author,0,,
spiegelberg:1994,spiegelberg,author,0,,
spiegelhalter:2010,spiegelhalter,author,0,,
spiegler:2015,spiegler,author,0,,
spieker_m:2009,spieker_m,author,0,,
spiekermann:2014,spiekermann,author,0,,
spiekermann:2016,spiekermann,author,0,,
spielman:1976,spielman,author,0,,
spielman:1976a,spielman,author,0,,
spielman:1976b,spielman,author,0,,
spielman:1982,spielman,author,0,,
spielthenner:2004,spielthenner,author,0,,
spielthenner:2007,spielthenner,author,0,,
spielthenner:2008,spielthenner,author,0,,
spielthenner:2012,spielthenner,author,0,,
spielthenner:2013,spielthenner,author,0,,
spielthenner:2013a,spielthenner,author,0,,
spielthenner:2016,spielthenner,author,0,,
spiertz:2001,spiertz,author,0,,
spies_e:1931,spies_e,author,0,,
spies_m:1991,spies_m,author,0,,
spiess_ej:1921,spiess_ej,author,0,,
spiller_g:1906,spiller_g,author,0,,
spiller_re:1960,spiller_re,editor,0,,
spiller_tp:2002,spiller_tp,author,0,,
spillers:2003,spillers,author,0,,
spilsbury:1952,spilsbury,author,0,,
spindler_j:1923,spindler_j,author,0,,
spinelli_e:2007,spinelli_e,author,0,,
spinelli_e:2010,spinelli_e,author,0,,
spinelli_n:2015,spinelli_n,author,0,,
spinelli_n:2015a,spinelli_n,author,0,,
spinelli_n:unpub,spinelli_n,author,0,,
spinelli_n:unpub-b,spinelli_n,author,0,,
spinicci:1991,spinicci,author,0,,
spinicci:1991a,spinicci,author,0,,
spinicci:1991b,spinicci,author,0,,
spinicci:2012,spinicci,author,0,,
spinicci:2018,spinicci,author,0,,
spink:2018,spink,author,0,,
spinks:1984,spinks,author,0,,
spinks:1986,spinks,author,0,,
spinner:1980,spinner,author,0,,
spinnerhalev:2006,spinnerhalev,author,0,,
spinnerhalev:2012,spinnerhalev,author,0,,
spinney:2017,spinney,author,0,,
spinosa_c-etal:2017,spinosa_c,author,0,,
spinosa_c-etal:2017,hancocks,author,1,,
spinosa_c-etal:2017,glennon_b,author,2,,
spinosa_c:2005,spinosa_c,author,0,,
spinosa_g:2015,spinosa_g,author,0,,
spinoza:1677,spinoza,author,0,,
spira_h-singer:2006,spira_h,author,0,,
spira_h-singer:2006,singer_p,author,1,,
spire_a:2000,spire_a,author,0,,
spiridon:1989,spiridon,author,0,,
spiridon:1998,spiridon,author,0,,
spirtes-etal:1990,spirtes,author,0,,
spirtes-etal:1990,glymour_cn,author,1,,
spirtes-etal:1990,scheines_r,author,2,,
spirtes-etal:1993,spirtes,author,0,,
spirtes-etal:1993,glymour_cn,author,1,,
spirtes-etal:1993,scheines_r,author,2,,
spirtes-etal:2000,spirtes,author,0,,
spirtes-etal:2000,glymour_cn,author,1,,
spirtes-etal:2000,scheines_r,author,2,,
spirtes-etal:2010,spirtes,author,0,,
spirtes-etal:2010,glymour_cn,author,1,,
spirtes-etal:2010,scheines_r,author,2,,
spirtes-etal:2010,tillman_r,author,3,,
spirtes:2011,spirtes,author,0,,
spitz_hh:1993,spitz_hh,author,0,,
spitz_hh:1995,spitz_hh,author,0,,
spitz_jf:1985,spitz_jf,author,0,,
spitz_jf:1995,spitz_jf,author,0,,
spitz_jf:2000,spitz_jf,author,0,,
spitz_jf:2005,spitz_jf,author,0,,
spitz_jf:2006,spitz_jf,author,0,,
spitz_jf:2007,spitz_jf,author,0,,
spitz_jf:2008,spitz_jf,author,0,,
spitz_jf:2018,spitz_jf,author,0,,
spitz_jf:2023,spitz_jf,author,0,,
spitzer_rj:2010,spitzer_rj,author,0,,
spitzley:1992,spitzley,author,0,,
spitzley:1993a,spitzley,author,0,,
spitzley:1998,spitzley,author,0,,
spitzley:2003,spitzley,author,0,,
spitzley:2010,spitzley,author,0,,
spitzley:2010,spitzley,guesteditor,0,,
spitzley:2011,spitzley,author,0,,
spitzley:2013,spitzley,author,0,,
spivak_di:2017,spivak_di,author,0,,
spivey-etal:2005,spivey,author,0,,
spivey-etal:2005,richardson_dc,author,1,,
spivey-etal:2005,gonzalezmarquez,author,2,,
spivey-huette:2014,spivey,author,0,,
spivey-huette:2014,huette_s,author,1,,
splett_j:2000,splett_j,author,0,,
splett_t:2009,splett_t,author,0,,
splitter:1980,splitter,author,0,,
splitter:1988,splitter,author,0,,
splitter:1988a,splitter,author,0,,
spoerhase-king:2008,spoerhase,author,0,,
spoerhase-king:2008,king_cg,author,1,,
spoerri_w:1985,spoerri_w,author,0,,
spohn-etal:1991,spohn,editor,0,,
spohn-etal:1991,vanfraassen,editor,1,,
spohn-etal:1991,skyrms,editor,2,,
spohn-etal:2001,spohn,editor,0,,
spohn-etal:2001,ledwig,editor,1,,
spohn-etal:2001,esfeld,editor,2,,
spohn-etal:2005,spohn,author,0,,
spohn-etal:2005,schroederheister,author,1,,
spohn-etal:2005,olsson_ej,author,2,,
spohn:1975,spohn,author,0,,
spohn:1977,spohn,author,0,,
spohn:1978,spohn,author,0,,
spohn:1980,spohn,author,0,,
spohn:1983,spohn,author,0,,
spohn:1986,spohn,author,0,,
spohn:1988,spohn,author,0,,
spohn:1990,spohn,author,0,,
spohn:1991,spohn,author,0,,
spohn:1993,spohn,author,0,,
spohn:1994,spohn,author,0,,
spohn:1997,spohn,author,0,,
spohn:1997a,spohn,author,0,,
spohn:1997b,spohn,author,0,,
spohn:1998,spohn,author,0,,
spohn:1998a,spohn,author,0,,
spohn:2001,spohn,author,0,,
spohn:2002,spohn,author,0,,
spohn:2003,spohn,author,0,,
spohn:2003a,spohn,author,0,,
spohn:2004,spohn,author,0,,
spohn:2005,spohn,author,0,,
spohn:2006,spohn,author,0,,
spohn:2006a,spohn,author,0,,
spohn:2007,spohn,author,0,,
spohn:2008,spohn,author,0,,
spohn:2009,spohn,author,0,,
spohn:2009a,spohn,author,0,,
spohn:2009b,spohn,author,0,,
spohn:2010,spohn,author,0,,
spohn:2010a,spohn,author,0,,
spohn:2012,spohn,author,0,,
spohn:2012a,spohn,author,0,,
spohn:2014,spohn,author,0,,
spohn:2015,spohn,author,0,,
spohn:2016,spohn,author,0,,
spohn:2017,spohn,author,0,,
spohn:2023,spohn,author,0,,
spohnholz:2011,spohnholz,author,0,,
spolaore_e:2006,spolaore_e,author,0,,
spolaore_g-giaretta:2008,spolaore_g,author,0,,
spolaore_g-giaretta:2008,giaretta,author,1,,
spolaore_g:2006,spolaore_g,author,0,,
spolaore_g:2010,spolaore_g,author,0,,
spolaore_g:2012,spolaore_g,author,0,,
spolaore_g:2015,spolaore_g,author,0,,
spolsky_b:1988,spolsky_b,author,0,,
sponsel:2018,sponsel,author,0,,
spooner-hanaway:2009,spooner,author,0,,
spooner-hanaway:2009,hanaway_w,author,1,,
sporns-etal:1994,sporns,author,0,,
sporns-etal:1994,tononi,author,1,,
sporns-etal:1994,edelman_gm,author,2,,
sportiche:1987,sportiche,author,0,,
spotti-blommaert:2016,spotti,author,0,,
spotti-blommaert:2016,blommaert,author,1,,
sprague_e:1960,sprague_e,author,0,,
sprague_e:1988,sprague_e,author,0,,
sprague_e:1999,sprague_e,author,0,,
sprague_rk:1947,sprague_rk,author,0,,
sprague_rk:1971,sprague_rk,author,0,,
sprague_rk:1975,sprague_rk,author,0,,
sprague_rk:2001,sprague_rk,editor,0,,
sprague_rk:2001a,sprague_rk,author,0,,
sprague_rk:2007,sprague_rk,author,0,,
spranzi:2004,spranzi,author,0,,
spree_a:1995,spree_a,author,0,,
spree_a:2009,spree_a,author,0,,
spreen:2014,spreen,author,0,,
spreen:2014a,spreen,author,0,,
spreen:2014b,spreen,author,0,,
spreeuwenberg:2022,spreeuwenberg,author,0,,
spreng_b:1970,spreng_b,author,0,,
spreng_n:1974,spreng_b,author,0,,
sprengard:1969,sprengard,author,0,,
sprengard:1972,sprengard,author,0,,
sprengel_k:1980,sprengel_k,author,0,,
sprenger-hartmann:2019,sprenger,author,0,,
sprenger-hartmann:2019,hartmann_s,author,1,,
sprenger-heesen:2011,sprenger,author,0,,
sprenger-heesen:2011,heesen,author,1,,
sprenger:2011,sprenger,author,0,,
sprenger:2011a,sprenger,author,0,,
sprenger:2011b,sprenger,author,0,,
sprenger:2013,sprenger,author,0,,
sprenger:2016,sprenger,author,0,,
sprenger:2024,sprenger,author,0,,
spreutels_jp:1978,spreutels_jp,author,0,,
sprevak-colombo:2019,sprevak,editor,0,,
sprevak-colombo:2019,colombo_m,editor,1,,
sprevak-colombo:2019a,sprevak,author,0,,
sprevak-colombo:2019a,colombo_m,author,1,,
sprevak-kallestrup:2014,sprevak,editor,0,,
sprevak-kallestrup:2014,kallestrup,editor,1,,
sprevak-kallestrup:2014a,sprevak,author,0,,
sprevak-kallestrup:2014a,kallestrup,author,1,,
sprevak-statham:2015,sprevak,author,0,,
sprevak-statham:2015,statham_d,author,1,,
sprevak:2010,sprevak,author,0,,
sprevak:2010a,sprevak,author,0,,
sprevak:2013,sprevak,author,0,,
sprevak:2017,sprevak,author,0,,
sprevak:2019,sprevak,author,0,,
sprevak:2024,sprevak,author,0,,
sprey:1998,sprey,author,0,,
sprickerhof:2013,sprickerhof,author,0,,
sprigge:1962,sprigge,author,0,,
sprigge:1966,sprigge,author,0,,
sprigge:1970,sprigge,author,0,,
sprigge:1971,sprigge,author,0,,
sprigge:1974,sprigge,author,0,,
sprigge:1974a,sprigge,author,0,,
sprigge:1975,sprigge,author,0,,
sprigge:1979,sprigge,author,0,,
sprigge:1981,sprigge,author,0,,
sprigge:1982,sprigge,author,0,,
sprigge:1983,sprigge,author,0,,
sprigge:1984,sprigge,author,0,,
sprigge:1984a,sprigge,author,0,,
sprigge:1985,sprigge,author,0,,
sprigge:1988,sprigge,author,0,,
sprigge:1988a,sprigge,author,0,,
sprigge:1991,sprigge,author,0,,
sprigge:1991a,sprigge,author,0,,
sprigge:1991c,sprigge,author,0,,
sprigge:1991d,sprigge,author,0,,
sprigge:1991e,sprigge,author,0,,
sprigge:1991f,sprigge,author,0,,
sprigge:1991g,sprigge,author,0,,
sprigge:1991h,sprigge,author,0,,
sprigge:1991i,sprigge,author,0,,
sprigge:1991j,sprigge,author,0,,
sprigge:1992,sprigge,author,0,,
sprigge:1992a,sprigge,author,0,,
sprigge:1992b,sprigge,author,0,,
sprigge:1993,sprigge,author,0,,
sprigge:1993a,sprigge,author,0,,
sprigge:1994,sprigge,author,0,,
sprigge:1996,sprigge,author,0,,
sprigge:1997b,sprigge,author,0,,
sprigge:1998,sprigge,author,0,,
sprigge:1998a,sprigge,author,0,,
sprigge:1999,sprigge,author,0,,
sprigge:2000,sprigge,author,0,,
sprigge:2001,sprigge,author,0,,
sprigge:2002,sprigge,author,0,,
sprigge:2006,sprigge,author,0,,
sprigge:2006a,sprigge,author,0,,
sprigge:2011,sprigge,author,0,,
springer_e:2013,springer_e,author,0,,
springer_s-etal:2016,springer_s,editor,0,,
springer_s-etal:2016,birch_k,editor,1,,
springer_s-etal:2016,macleavy,editor,2,,
springer_s-etal:2016a,springer_s,author,0,,
springer_s-etal:2016a,birch_k,author,1,,
springer_s-etal:2016a,macleavy,author,2,,
springer_s:2016,springer_s,author,0,,
springer_sv:2021,springer_sv,author,0,,
springer_wc:1975,springer_wc,author,0,,
springmann_s-trautsch:2009,springmann_s,editor,0,,
springmann_s-trautsch:2009,trautsch_a,editor,1,,
sproat-etal:1996,sproat,author,0,,
sproat-etal:1996,shih_c,author,1,,
sproat-etal:1996,gale_wa,author,2,,
sproat-etal:1996,chang_n,author,3,,
sproat-riley:1996,sproat,author,0,,
sproat-riley:1996,riley_p,author,1,,
sproat:1975,sproat,author,0,,
sproat:1992,sproat,author,0,,
sproat:1997,sproat,editor,0,,
sproat:2000,sproat,author,0,,
sprott_wjh:1947,sprott_wjh,author,0,,
sproull:1980,sproull,author,0,,
spruit:1994,spruit,author,0,,
spruit:1995,spruit,author,0,,
spruit:1999,spruit,author,0,,
spruit:1999a,spruit,author,0,,
spruit:2002,spruit,author,0,,
spruit:2004,spruit,author,0,,
spruit:2008,spruit,author,0,,
spruit:2013,spruit,author,0,,
spruit:2017,spruit,author,0,,
spruit:2021,spruit,author,0,,
sprung_h:1991,sprung_h,author,0,,
sprung_l:1991,sprung_l,author,0,,
sprunthall:1921,sprunthall,author,0,,
sprute:1979,sprute,author,0,,
sprute:1980,sprute,author,0,,
sprute:1985,sprute,author,0,,
sprute:1994,sprute,author,0,,
sprute:1997,sprute,author,0,,
spruyt-dutilhnovaes:2015,spruyt,author,0,,
spruyt-dutilhnovaes:2015,dutilhnovaes,author,1,,
spruyt:1994,spruyt,author,0,,
spruyt:2003,spruyt,author,0,,
spruyt:2008,spruyt,author,0,,
spruyt:2009,spruyt,author,0,,
spruyt:2016,spruyt,author,0,,
spunar_p:1997,spunar_p,author,0,,
spurr:2008,spurr,author,0,,
spurrett:2001,spurrett,author,0,,
spurrett:2006,spurrett,author,0,,
spurrett:2008,spurrett,author,0,,
spurrett:2010,spurrett,author,0,,
spurrett:2017,spurrett,author,0,,
spurway:1993,spurway,editor,0,,
spurway:2015,spurway,editor,0,,
spyns-etal:1997,spyns,author,0,,
spyns-etal:1997,deprez_f,author,1,,
spyns-etal:1997,vantichelen,author,2,,
spyns-etal:1997,vancoile,author,3,,
